task_id,project_id,story_points,Mathematics.Linear Algebra,Mathematics.Differential Equations,Mathematics.Optimization Technique,Mathematics.Calculus,Mathematics.Combinatorics & Graph,Statistics & Probabilities.Statistics,Statistics & Probabilities.Probability & Sampling,Statistics & Probabilities.Bayessian Method,Statistics & Probabilities.Hypothesis Testing,Statistics & Probabilities.A/B Testing,Statistics & Probabilities.CUPED,Data Structures & Algorithms.Complexity Analysis,Data Structures & Algorithms.Programming,Data Structures & Algorithms.Data Structures,Data Structures & Algorithms.Algorithms,Data Structures & Algorithms.Advanced Algorithms,Data Structures & Algorithms.SQL,Data Structures & Algorithms.Shell / Bash Scripting,"Econometrics, Data Analysis, and Data Visualization.Data Preprocessing & EDA","Econometrics, Data Analysis, and Data Visualization.Data Viz & Storytelling","Econometrics, Data Analysis, and Data Visualization.Econometrics","Econometrics, Data Analysis, and Data Visualization.Regression Analysis","Econometrics, Data Analysis, and Data Visualization.Time Series Analysis","Econometrics, Data Analysis, and Data Visualization.Correlation Analysis","Econometrics, Data Analysis, and Data Visualization.Causal Analysis","Econometrics, Data Analysis, and Data Visualization.Dimensional Reduction (PCA)",Machine Learning.Supervised ML,Machine Learning.Unsupervised ML,Machine Learning.Reinforcemetn Learning,Machine Learning.Feature Engineering,Machine Learning.Ensemble Method,Deep Learning.Neural Network & DL,Deep Learning.NLP,Deep Learning.GAN,Deep Learning.Generative AI,Deep Learning.Computer VIsion,Deep Learning.Audio & Speech Processing,Deep Learning.Transfer Learning,Deep Learning.Sequence Modelling,Deep Learning.Accelerated & Parallel Computing,Deep Learning.Edge Computing,Data & Cloud Engineering.Relational DB,Data & Cloud Engineering.Non Relational DB,Data & Cloud Engineering.Devops & CI/CD,Data & Cloud Engineering.Data Pipeline,Data & Cloud Engineering.Data Collection,Data & Cloud Engineering.Data Wrangling,Data & Cloud Engineering.Batch Processing,Data & Cloud Engineering.Stream Processing,Data & Cloud Engineering.Big Data Tech,Data & Cloud Engineering.Data Warehousing,Data & Cloud Engineering.ORM & REST API,Data & Cloud Engineering.Microservices & Containerization,Data & Cloud Engineering.Cloud Native,Data & Cloud Engineering.Cloud & Serverless Architecture,Data & Cloud Engineering.Data Security & Privacy,Data & Cloud Engineering.Distributed Systems,"Data & Cloud Engineering.Monitoring, Logging, Alerting",MLOPS.ML Lifecycle,MLOPS.ML Model Pipeline,MLOPS.Model Versioning,MLOPS.Automated Testing & Validation,MLOPS.Scalable Model Training,"MLOPS.Model Deployment, Monitoring, Logging",MLOPS.Ethical AI & Bias Mitigation
T1,P5,8,5,1,4,4,4,4,3,5,1,1,5,2,1,2,2,1,2,5,1,4,1,3,4,1,2,4,4,1,2,2,2,3,5,4,4,3,5,3,1,1,5,5,2,5,2,3,3,1,2,2,2,2,4,4,3,4,1,4,2,3,5,4,5,5,5
T2,P1,1,5,5,5,1,5,3,1,2,2,4,1,2,3,5,3,1,4,3,1,2,1,3,3,4,3,4,2,3,4,4,4,4,5,2,3,4,2,3,2,5,3,1,4,3,4,1,1,1,4,3,4,1,5,1,1,3,4,3,1,1,1,4,1,3,3
T3,P5,2,5,4,5,1,5,4,5,2,4,1,1,2,1,5,2,4,2,1,5,4,4,2,1,1,2,3,4,2,2,5,1,4,3,4,3,5,4,4,1,4,1,3,4,5,1,3,4,4,2,4,5,4,4,2,2,2,4,3,5,4,2,3,4,2,5
T4,P1,3,3,1,2,1,5,4,3,1,1,2,2,4,1,4,1,5,5,1,4,5,4,3,2,2,3,2,3,5,5,3,4,2,3,5,4,4,2,2,2,2,3,4,2,5,4,2,2,3,1,1,3,5,1,5,4,4,1,1,4,1,4,1,3,2,1
T5,P2,5,1,4,5,5,2,3,5,5,3,5,4,4,1,1,1,4,5,5,3,5,2,4,4,4,2,3,4,3,4,5,5,2,3,1,4,1,3,5,4,3,2,2,5,2,1,1,1,1,1,2,1,4,2,5,2,3,5,1,3,1,5,5,5,2,2
T6,P2,5,2,2,4,2,4,2,2,2,1,4,1,2,5,1,4,3,2,5,5,1,1,3,1,4,4,5,5,4,4,4,5,2,3,3,2,4,4,5,5,3,2,1,1,3,5,4,4,3,2,1,5,2,5,5,3,1,1,4,2,1,5,4,4,5,4
T7,P5,5,4,1,4,4,2,5,1,4,1,1,4,3,4,3,4,1,4,3,4,2,5,4,2,3,2,5,4,2,4,3,5,5,2,5,2,3,3,4,2,3,3,3,3,4,1,5,3,1,1,3,4,2,4,3,5,2,2,3,5,4,5,3,5,3,2
T8,P5,2,1,2,1,3,1,3,1,3,4,1,1,1,1,3,4,5,4,4,5,5,4,3,5,5,4,2,4,2,4,4,3,2,1,2,2,5,3,3,4,1,4,4,3,3,2,4,2,4,3,3,5,2,1,4,1,5,3,2,2,3,2,2,4,1,5
T9,P2,5,4,5,1,2,4,1,2,5,5,2,3,3,5,4,5,3,5,3,2,2,1,2,2,2,2,1,2,1,1,4,3,1,4,2,2,4,5,1,2,4,5,5,1,4,2,3,1,5,2,3,3,2,1,2,4,5,4,2,1,1,3,3,2,4,5
T10,P3,1,1,1,2,2,4,1,5,3,5,4,4,4,5,4,5,5,5,2,5,3,1,3,5,2,2,1,5,5,1,5,2,2,1,3,4,2,3,5,5,3,3,2,3,3,1,2,3,5,1,2,3,2,5,3,1,1,2,1,4,2,2,5,5,4,1
T11,P2,8,1,4,2,3,5,1,4,2,2,1,1,3,4,5,3,1,4,4,3,5,4,1,1,5,3,5,1,4,1,1,5,2,1,5,4,1,2,3,5,5,4,4,4,3,4,4,5,4,3,5,5,1,4,4,1,4,2,1,3,3,1,3,2,5,1
T12,P5,8,5,2,4,2,5,3,2,1,1,3,5,1,1,4,2,1,5,4,4,5,5,4,1,1,1,5,5,2,3,3,5,5,5,1,4,3,5,4,5,3,4,3,2,4,3,1,2,5,2,4,4,2,3,1,3,5,1,3,4,5,4,1,5,3,3
T13,P5,8,2,3,2,2,2,5,5,3,3,4,2,1,1,4,3,5,2,4,2,3,5,1,4,1,5,3,2,2,5,5,1,2,4,1,2,1,3,3,5,4,3,3,1,3,1,5,2,1,3,4,1,5,4,4,4,1,4,2,1,2,5,3,4,5,5
T14,P1,1,2,3,1,4,4,1,1,1,1,3,5,5,2,3,2,3,5,2,2,2,3,5,2,1,3,2,1,1,4,5,2,5,1,4,3,5,4,3,5,3,5,1,5,3,3,5,3,4,1,1,5,4,5,4,4,5,1,4,5,5,4,3,3,3,3
T15,P4,2,1,3,2,3,4,1,2,2,4,4,4,4,4,4,2,4,1,5,3,5,5,3,1,4,3,5,5,3,4,5,3,2,4,5,4,1,4,1,5,4,1,2,5,5,3,3,5,3,2,3,4,2,4,4,1,5,4,4,4,1,3,4,2,4,3
T16,P5,3,3,3,1,5,1,4,1,1,1,2,3,5,3,1,2,1,1,3,4,1,3,2,4,4,2,5,5,1,2,1,2,3,5,3,5,1,3,5,5,2,2,2,5,4,5,2,2,2,3,5,4,3,4,4,3,4,1,3,2,1,1,4,5,1,1
T17,P5,8,1,2,1,2,4,5,1,2,1,4,3,2,1,1,2,2,4,4,5,3,4,1,3,3,1,3,2,1,2,5,4,5,1,1,1,3,1,5,2,5,1,4,3,2,4,2,2,3,1,5,5,3,3,5,1,1,4,5,4,2,1,4,2,3,4
T18,P5,2,2,1,5,1,2,4,5,5,3,3,3,4,5,2,4,2,2,5,4,1,5,1,5,2,3,1,5,5,2,1,2,2,4,1,3,2,2,2,3,5,1,1,5,3,4,3,1,5,3,4,2,1,1,3,3,3,1,4,2,2,4,3,2,2,3
T19,P2,2,1,1,4,3,4,3,2,4,3,5,5,4,5,3,4,4,3,2,5,4,1,5,4,2,3,1,5,3,5,3,2,3,3,2,1,2,1,3,2,2,2,3,4,1,4,1,3,3,1,5,3,1,3,5,2,4,1,3,5,1,2,2,2,3,5
T20,P4,3,4,5,3,1,3,4,1,1,4,4,1,3,4,2,3,4,5,4,2,5,3,4,1,1,3,5,4,3,2,2,2,2,4,1,2,1,5,4,2,4,1,4,3,3,3,2,4,5,4,2,1,4,1,4,2,4,4,1,5,3,2,2,3,1,3
T21,P1,8,5,4,2,1,2,3,1,4,4,3,5,4,1,1,5,2,4,4,4,3,3,5,5,2,5,1,1,3,4,2,5,1,2,1,2,3,5,5,3,1,1,2,2,2,5,2,1,4,5,5,3,3,5,4,5,2,4,5,2,3,5,4,4,3,3
T22,P5,1,2,3,4,2,1,4,3,3,1,4,2,4,3,4,5,1,5,5,2,4,2,2,2,2,4,1,1,3,1,4,1,2,5,2,3,2,3,4,2,4,3,4,3,5,5,3,4,3,5,3,3,4,3,4,4,3,4,1,3,4,3,2,3,2,3
T23,P3,1,5,4,4,2,1,3,4,4,5,4,2,1,3,2,5,3,3,1,2,1,1,3,4,1,3,1,4,4,5,1,2,3,3,4,1,1,4,4,1,5,1,1,5,5,2,4,1,4,1,5,2,3,2,3,4,5,5,1,3,2,1,2,1,4,1
T24,P3,2,1,3,5,4,2,1,3,5,5,2,2,3,5,2,4,1,4,4,5,1,5,1,1,4,5,5,3,3,2,1,4,4,1,3,5,3,5,2,1,4,2,1,5,2,1,3,4,1,4,3,5,2,5,5,2,5,2,3,3,2,5,1,2,1,3
T25,P3,5,3,2,2,4,2,3,3,1,3,3,3,1,3,3,4,3,2,1,3,1,5,2,2,4,2,4,3,2,5,1,2,2,5,2,4,3,2,2,4,4,5,1,4,2,1,2,3,1,4,2,5,2,1,2,5,3,1,2,1,5,3,3,4,3,5
T26,P1,5,1,3,5,2,3,1,4,5,2,4,2,3,1,2,1,2,3,5,5,4,2,4,4,1,5,5,3,4,5,1,3,2,3,5,5,1,1,1,1,5,2,2,5,3,2,1,3,2,4,4,4,4,3,1,3,4,5,1,5,3,4,5,3,1,5
T27,P5,2,3,3,2,5,1,1,2,2,5,3,3,1,3,1,2,1,3,2,3,4,5,3,3,2,1,4,3,2,1,1,3,4,4,3,1,4,5,3,4,2,4,5,3,5,2,5,4,5,4,1,4,2,2,1,3,1,3,5,5,3,5,5,3,1,2
T28,P2,5,2,4,5,5,4,2,4,3,3,2,4,1,3,3,4,2,3,5,1,3,3,4,1,5,1,5,4,4,4,1,1,5,3,5,1,3,2,2,5,3,5,4,3,3,2,4,5,1,5,1,1,3,1,1,1,1,1,1,4,3,4,2,4,2,5
T29,P1,3,2,5,4,4,5,5,4,3,1,5,3,3,2,5,3,2,1,5,4,5,1,1,4,4,2,3,4,1,1,5,4,5,5,3,4,2,1,3,4,1,2,2,3,2,4,5,3,2,2,2,2,2,4,3,3,3,2,4,2,2,1,1,3,4,1
T30,P1,8,2,5,3,2,2,3,4,1,2,4,2,2,4,5,2,3,3,3,4,1,3,1,3,2,1,5,3,1,1,2,1,3,3,4,4,5,4,4,2,2,4,1,4,5,1,5,4,3,5,2,3,1,2,5,3,3,2,5,5,1,2,4,4,4,1
T31,P5,1,3,4,1,2,3,2,5,1,1,4,3,4,1,3,3,5,5,3,3,1,2,2,5,3,1,2,2,5,1,3,3,5,3,5,1,3,5,1,4,3,4,5,4,2,3,2,5,1,4,2,3,4,4,1,4,4,5,1,2,1,2,4,2,1,5
T32,P2,5,5,1,4,4,3,3,4,5,4,2,1,1,1,1,2,5,3,1,2,4,2,2,5,3,5,5,4,2,5,4,5,2,1,2,5,2,5,5,3,2,5,5,3,3,3,5,4,5,1,4,5,1,4,3,2,1,3,4,3,2,1,4,2,4,5
T33,P2,3,4,2,2,1,2,3,3,4,5,1,4,4,1,2,3,1,5,2,4,3,4,2,2,1,1,2,5,4,2,2,3,1,2,2,2,5,2,2,4,5,5,2,4,3,2,4,2,5,1,1,2,3,5,1,5,3,2,5,4,4,2,4,5,2,4
T34,P3,2,1,2,1,2,1,2,2,2,4,3,4,5,1,1,5,4,3,1,3,2,1,4,2,4,4,5,5,5,5,5,2,3,3,4,4,2,5,3,5,4,4,1,3,3,2,3,4,5,1,1,2,5,1,3,1,2,5,2,2,5,3,1,5,5,4
T35,P4,3,2,3,1,5,1,1,2,3,2,5,4,5,2,1,4,4,4,4,2,2,4,5,5,2,4,5,5,4,2,4,4,1,2,2,2,2,1,4,4,1,1,2,3,5,1,3,5,2,2,3,1,1,1,1,4,4,4,3,5,3,4,5,3,1,2
T36,P1,8,2,3,4,2,3,3,4,5,2,3,3,2,4,4,4,5,4,4,5,2,1,4,1,5,5,3,4,3,4,5,5,5,3,3,2,1,2,4,2,4,2,5,5,2,4,4,2,2,4,2,3,5,4,4,2,2,2,4,3,3,3,5,5,3,3
T37,P4,1,3,4,3,3,4,5,4,5,2,3,2,1,5,2,5,3,2,5,4,1,1,2,3,1,5,1,5,2,1,4,1,2,4,4,3,2,5,1,3,2,2,2,4,5,5,5,3,1,2,1,3,4,4,1,4,4,4,3,2,3,3,5,4,1,2
T38,P1,1,5,5,3,1,3,1,4,5,1,4,4,4,1,3,2,1,1,4,3,5,5,5,3,5,3,4,1,5,1,3,2,2,4,2,1,3,4,5,5,2,1,2,3,5,4,3,1,2,1,1,4,2,3,5,3,2,3,4,1,1,5,1,3,1,1
T39,P4,8,2,5,4,3,3,3,2,2,3,2,5,3,2,5,1,2,4,2,1,2,5,5,4,1,3,4,1,1,3,2,5,4,5,3,4,4,5,1,2,2,4,5,3,2,2,2,3,3,5,5,4,1,4,4,3,1,3,4,5,4,3,3,2,4,4
T40,P1,2,3,5,3,3,4,5,1,2,5,1,5,3,1,5,3,3,4,3,4,5,5,5,4,2,4,5,5,2,1,3,3,2,3,1,3,3,4,2,1,1,1,3,3,3,4,5,2,3,3,3,2,2,4,5,1,4,5,3,5,3,5,2,5,4,4
T41,P1,2,4,5,4,2,2,4,2,2,2,2,1,1,4,4,2,5,3,5,4,4,3,5,5,1,4,2,1,2,2,2,5,4,2,2,5,2,3,2,3,4,1,3,1,2,4,5,4,4,3,4,3,3,4,1,2,1,3,3,4,2,3,2,5,2,3
T42,P5,3,3,4,5,4,2,3,1,2,1,1,1,4,3,5,2,5,5,2,4,4,1,4,5,3,4,1,4,5,1,2,2,5,5,1,1,2,2,2,1,2,4,5,5,3,5,3,2,5,4,1,1,5,3,3,5,5,1,4,1,4,2,4,4,5,1
T43,P4,3,5,4,3,5,4,1,3,4,5,5,3,3,4,2,2,5,3,4,2,4,2,2,3,5,5,2,4,4,1,3,5,3,5,1,3,5,3,4,5,4,4,4,3,1,4,5,5,5,3,3,5,1,5,2,1,3,2,5,3,1,4,2,1,2,3
T44,P2,1,1,3,3,4,5,2,4,1,5,2,5,2,5,1,5,1,3,3,5,2,3,4,3,4,4,1,1,3,5,1,4,2,5,2,3,3,3,1,4,4,1,4,1,1,1,3,3,3,1,3,1,1,5,2,3,4,5,2,1,4,5,4,5,3,5
T45,P5,1,2,4,3,2,2,5,4,4,3,2,2,5,4,4,1,1,4,5,3,3,3,4,5,4,1,4,4,2,5,2,2,1,1,5,2,1,3,3,5,4,1,4,2,2,5,2,5,1,1,4,5,5,5,4,2,1,3,4,4,1,3,1,4,2,4
T46,P2,3,5,5,4,4,5,4,2,2,2,3,2,5,4,3,5,5,5,3,3,5,4,2,3,4,1,5,2,3,1,2,1,5,3,5,1,3,5,1,5,1,5,1,4,4,3,4,1,2,3,1,2,5,3,5,4,2,3,1,5,1,3,2,1,1,5
T47,P2,2,1,5,2,2,1,3,2,1,4,2,2,2,5,2,3,5,3,1,4,2,3,3,2,4,4,1,2,2,3,1,2,3,5,3,3,4,1,4,1,1,1,2,5,2,4,4,3,4,5,4,5,3,4,3,1,5,2,4,1,5,5,5,4,5,4
T48,P3,5,2,2,5,1,5,4,4,5,4,1,4,1,2,3,5,3,4,2,5,1,2,4,2,3,3,2,4,5,4,3,4,5,1,1,2,1,1,4,1,4,2,2,2,4,1,1,4,3,3,3,2,5,4,1,3,2,2,1,1,2,4,3,2,3,5
T49,P2,1,5,1,4,4,4,2,4,3,5,1,1,5,3,2,1,2,2,1,2,5,4,1,4,1,3,4,1,2,4,4,4,1,2,2,2,1,3,5,4,4,3,5,3,1,1,5,1,5,2,5,2,3,3,1,2,2,2,2,4,4,3,4,1,4,5
T50,P5,5,2,3,5,4,5,5,5,4,5,5,5,1,5,4,3,1,2,2,4,1,1,2,3,5,3,1,4,3,3,1,2,1,3,3,4,3,4,3,2,3,4,4,4,3,4,5,2,3,4,2,3,2,5,3,4,1,4,3,4,1,1,1,4,3,4
T51,P5,5,1,5,1,1,3,4,3,4,1,1,1,4,1,3,3,1,5,4,5,1,5,4,4,5,2,4,1,1,1,2,1,5,2,4,2,1,1,5,4,4,2,1,1,2,3,1,4,2,2,5,1,1,4,3,4,3,5,4,4,1,4,1,5,3,4
T52,P5,5,5,1,3,4,4,2,4,5,4,4,2,2,2,4,3,3,5,4,2,3,4,2,5,3,3,1,2,1,5,1,4,3,1,1,2,2,1,4,1,4,1,5,5,1,2,4,5,4,3,2,2,3,2,5,3,5,5,3,4,4,2,3,5,4,4
T53,P3,2,2,2,2,2,3,1,4,2,5,4,2,2,3,1,1,3,5,1,5,4,4,1,1,4,4,1,4,1,3,2,1,5,1,4,5,5,2,1,3,5,5,3,5,4,3,4,1,1,1,4,5,5,3,3,5,2,4,4,4,2,3,3,4,3,4
T54,P1,3,5,5,3,2,3,1,4,1,3,5,4,3,2,3,2,5,2,1,1,1,1,1,2,1,4,2,5,2,3,5,1,1,3,1,5,5,5,2,2,5,2,2,4,2,4,4,2,2,2,1,4,1,5,2,5,1,4,3,2,5,5,5,1,1,3
T55,P1,2,1,4,4,5,2,5,4,4,4,5,3,2,3,3,2,4,4,5,5,3,2,2,1,1,3,5,4,4,3,2,1,5,2,5,5,3,1,1,4,2,2,1,5,4,4,5,4,5,4,1,4,4,2,4,5,1,4,1,1,4,2,3,4,3,4
T56,P4,8,1,4,3,1,4,2,5,4,2,3,2,5,2,4,2,4,3,5,2,5,2,5,2,3,3,4,2,3,3,5,3,3,4,1,5,3,1,1,3,4,2,4,3,5,2,2,3,3,5,4,5,3,5,3,2,5,1,2,1,3,1,4,3,1,3
T57,P4,5,4,1,1,2,1,1,3,4,5,4,4,1,5,5,4,3,5,5,4,2,5,4,2,4,4,3,1,2,1,2,2,5,3,3,4,1,4,3,4,3,3,2,4,2,4,3,3,5,2,1,4,1,5,3,2,1,2,3,2,2,4,1,5,2,2
T58,P3,8,5,1,3,4,5,2,3,4,5,2,1,5,2,3,5,4,1,5,5,1,3,4,2,3,2,4,3,5,3,2,5,1,3,3,5,3,5,1,3,2,3,5,5,2,2,5,5,3,5,2,3,5,1,2,1,3,2,3,4,2,3,1,3,5,5
T59,P3,2,1,3,2,1,3,4,5,1,3,4,5,4,1,3,4,4,4,2,4,3,3,3,5,4,1,5,2,3,2,5,2,5,2,3,4,3,3,3,4,3,5,2,4,1,5,4,2,4,5,5,1,3,2,5,5,2,5,1,1,3,4,2,1,1,1
T60,P5,1,1,3,5,1,3,4,5,4,5,5,5,3,2,4,5,5,1,1,3,5,4,4,1,1,2,5,5,1,1,1,2,2,2,5,2,5,1,5,4,3,1,4,3,4,3,3,2,4,4,1,5,4,4,1,1,2,5,5,2,1,1,1,4,5,5
T61,P4,5,3,3,4,4,5,3,2,1,5,2,4,1,4,3,2,1,1,4,5,2,1,1,3,2,2,1,2,2,1,1,4,4,4,4,2,3,1,1,5,3,3,1,3,5,2,4,5,4,1,2,5,3,2,5,2,1,3,4,4,4,5,2,3,3,5
T62,P2,3,3,3,2,2,2,5,5,5,3,4,3,2,4,1,4,2,2,2,2,1,4,1,3,4,3,3,3,2,4,5,4,2,4,2,4,4,3,1,4,5,1,5,4,2,4,3,2,5,4,4,2,4,1,5,4,4,2,3,5,1,1,2,1,3,4
T63,P2,3,5,4,2,4,3,1,5,3,2,5,4,2,4,3,3,2,1,2,1,2,2,5,1,1,3,4,3,1,5,1,4,4,2,5,3,5,2,1,4,1,1,2,3,1,4,4,3,3,2,5,4,1,2,3,1,5,3,5,5,4,4,5,4,3,5
T64,P5,8,5,2,2,2,2,1,2,3,1,3,2,5,1,5,3,3,1,3,1,3,5,4,2,2,4,4,1,3,5,2,4,4,4,3,5,4,5,2,1,1,2,1,4,3,1,2,3,2,4,2,4,1,3,5,3,5,1,2,4,4,4,1,1,5,3
T65,P5,2,3,2,5,1,1,4,5,5,1,5,4,4,1,1,5,5,3,5,5,2,1,5,2,5,1,3,4,1,1,2,2,2,3,2,1,2,5,5,4,5,4,5,3,4,5,4,4,5,1,2,4,4,4,2,4,4,5,1,3,3,2,3,1,3,1
T66,P1,2,1,5,3,4,2,4,3,3,4,5,3,5,2,3,4,5,2,1,2,5,3,3,1,5,3,3,5,2,4,2,5,2,3,5,3,3,3,2,4,1,4,1,5,4,1,3,5,4,2,5,3,3,3,1,4,5,4,4,1,1,3,4,1,3,5
T67,P2,8,1,1,5,5,1,5,5,3,1,5,3,1,1,1,5,5,4,3,4,3,2,4,1,2,2,2,3,5,5,2,5,1,5,3,2,4,1,4,2,2,4,2,2,2,5,5,3,4,1,4,4,3,5,1,1,3,2,4,4,1,4,1,5,5,1
T68,P3,8,3,4,1,3,5,4,4,5,2,1,3,3,2,3,3,4,1,4,5,4,2,1,2,1,1,1,3,4,3,3,4,2,1,2,2,5,3,1,4,2,5,5,2,2,5,3,5,5,5,3,3,3,4,4,4,4,1,1,1,2,1,2,5,1,3
T69,P2,1,4,2,5,1,4,3,5,3,1,2,5,1,1,2,2,1,2,5,2,5,1,4,1,1,1,5,4,2,3,5,1,1,3,2,4,1,3,1,3,2,3,1,5,2,3,5,4,4,3,2,1,4,5,5,5,4,3,4,2,2,3,5,4,3,1
T70,P4,1,2,1,1,4,3,1,1,5,5,1,4,1,2,3,4,5,3,2,4,4,4,5,3,2,1,1,1,3,4,2,5,4,5,4,1,4,1,1,2,2,5,5,3,3,5,2,1,3,2,1,3,2,5,2,3,1,3,4,5,4,3,3,2,2,4
T71,P5,3,2,2,4,2,4,1,4,2,5,5,4,5,5,2,1,1,2,1,4,1,5,2,3,5,5,4,3,4,2,3,2,1,5,1,2,4,5,5,3,1,2,2,2,2,4,2,4,4,3,3,1,2,4,3,2,3,3,1,4,4,3,2,4,1,4
T72,P5,8,1,2,3,2,2,1,2,3,4,1,1,2,2,2,5,3,2,5,1,3,5,1,4,4,3,5,5,1,4,4,2,5,3,4,3,3,2,4,3,4,2,1,1,1,3,3,3,4,5,4,1,5,2,5,2,3,1,3,4,3,3,5,2,1,3
T73,P3,5,3,2,4,4,5,2,3,4,4,1,1,5,4,4,2,1,1,4,5,4,3,1,1,2,5,2,1,5,4,4,5,3,4,2,4,4,3,4,2,2,2,1,4,4,5,3,1,4,2,1,1,2,5,4,3,5,3,3,4,1,2,3,5,4,4
T74,P1,1,5,3,3,3,5,3,5,4,5,2,1,1,2,5,1,2,3,2,1,5,5,5,1,3,5,4,3,2,4,3,1,4,3,3,3,3,5,4,3,2,3,5,4,4,3,3,2,4,4,4,1,4,4,2,2,5,2,4,4,4,2,3,1,5,3
T75,P1,3,1,2,5,5,2,3,1,4,4,1,4,3,2,4,2,4,4,5,4,5,1,4,4,4,5,4,3,1,2,2,5,1,1,2,5,3,1,2,3,3,3,4,3,3,2,5,4,2,2,3,4,5,5,2,4,2,2,5,5,2,5,5,3,3,1
T76,P2,5,1,2,2,2,2,5,1,2,3,5,1,5,4,2,3,1,5,1,4,3,5,4,3,2,1,4,1,1,4,4,5,3,2,3,2,2,5,3,4,1,5,5,5,4,1,2,4,3,3,4,5,4,1,2,2,2,2,5,3,3,4,2,3,1,4
T77,P5,2,5,3,2,5,1,1,1,5,3,3,2,5,3,4,2,3,4,2,1,1,4,1,4,2,3,2,4,5,5,4,1,4,3,2,4,3,5,4,1,4,5,3,4,4,1,4,2,4,3,2,1,3,1,4,4,4,5,5,5,2,5,4,4,1,3
T78,P5,5,3,2,3,2,1,4,4,2,5,1,4,4,1,2,5,2,1,3,2,3,1,3,4,3,5,5,1,5,3,4,1,2,4,2,1,2,4,5,1,5,5,5,4,3,5,3,1,2,5,3,1,4,1,4,2,2,3,4,4,2,1,1,3,2,2
T79,P2,5,5,3,2,5,4,5,2,1,3,4,1,3,4,4,2,5,1,5,2,2,1,4,3,4,5,1,2,4,1,3,2,4,2,5,3,3,3,5,4,4,4,4,4,1,5,3,4,4,3,3,1,5,2,1,2,1,5,5,2,4,4,4,2,4,3
T80,P3,3,3,5,2,4,3,4,1,4,5,1,2,4,4,1,5,5,5,2,1,3,2,5,5,4,2,1,5,3,4,1,1,1,4,3,5,4,4,3,1,5,2,1,1,3,2,5,5,5,3,2,2,1,4,2,5,5,4,4,1,1,3,5,3,5,3
T81,P4,5,1,2,4,5,1,1,1,3,4,1,3,1,3,2,3,5,4,3,4,3,4,2,5,5,5,3,5,1,1,5,5,3,5,4,2,3,3,1,3,3,2,4,2,4,1,2,2,2,5,5,2,3,1,3,1,1,5,1,2,2,1,5,3,5,5
T82,P4,5,3,2,4,5,2,1,5,5,1,4,4,3,1,2,2,4,3,3,2,3,4,4,3,4,4,3,4,1,4,5,2,1,3,2,5,2,4,2,3,4,4,5,2,5,4,4,5,4,2,1,5,3,1,3,4,1,4,4,5,3,2,5,5,3,5
T83,P5,8,3,5,1,3,2,5,1,2,5,5,4,5,2,2,1,4,1,1,5,1,3,4,5,3,2,4,2,2,5,3,4,5,1,4,5,4,4,5,2,2,5,4,2,3,1,1,3,3,3,4,2,3,5,1,1,3,2,3,5,3,4,3,4,2,2
T84,P4,3,5,2,4,2,4,5,4,3,2,1,3,4,3,3,3,3,4,2,2,3,1,2,4,4,2,4,4,5,4,2,2,1,3,2,4,1,5,1,4,2,1,4,5,1,4,3,2,4,3,2,2,2,3,1,3,3,4,4,5,3,3,5,3,3,5
T85,P4,2,5,5,2,4,5,2,4,5,3,3,4,1,4,2,3,3,5,2,1,2,2,2,2,1,2,1,4,2,5,1,1,2,5,5,2,5,1,2,2,2,4,2,3,3,1,4,4,5,2,3,4,3,3,2,3,1,1,4,4,5,3,4,2,4,1
T86,P4,5,3,1,4,4,1,5,5,4,5,1,3,4,2,5,5,2,2,1,1,5,3,1,1,4,4,1,3,5,2,1,3,3,3,1,1,3,3,1,5,1,4,3,5,2,1,3,1,2,1,5,2,4,4,3,4,1,5,4,3,1,3,3,5,5,3
T87,P1,8,3,4,4,2,5,4,3,4,2,4,3,4,4,5,5,2,2,4,5,5,4,5,1,3,1,1,1,5,4,2,3,3,1,2,4,2,2,3,5,1,5,3,2,1,4,4,2,5,5,1,3,5,4,4,4,5,2,5,5,1,3,5,5,3,4
T88,P2,3,3,5,2,1,1,3,3,4,1,3,5,5,2,2,3,4,4,4,4,1,4,2,2,1,3,5,2,2,1,2,5,1,4,4,4,5,3,2,5,3,1,5,1,3,5,2,3,2,1,2,5,5,4,2,4,3,1,3,1,2,5,2,1,4,1
T89,P3,2,4,3,5,3,2,4,4,3,5,5,3,5,2,1,4,4,4,1,2,3,5,5,1,4,5,3,5,4,3,4,4,1,4,3,1,1,3,1,3,5,1,5,1,4,3,4,5,3,3,5,3,3,1,2,4,2,3,2,1,5,5,2,1,5,2
T90,P5,1,2,4,1,4,2,4,4,2,5,3,5,1,5,2,4,1,1,1,4,5,4,3,1,2,4,1,4,4,5,4,2,3,3,4,4,4,3,4,5,4,2,2,3,2,3,2,3,1,2,4,3,3,5,1,1,4,3,1,1,5,4,4,1,2,5
T91,P2,8,2,5,2,4,3,4,1,2,1,4,2,5,3,4,4,3,4,2,2,4,2,4,4,5,3,2,3,5,1,4,2,1,1,2,1,4,4,4,5,1,4,5,4,4,2,4,4,4,4,4,3,3,5,5,5,3,5,2,1,2,1,1,4,5,1
T92,P3,8,4,2,4,1,4,4,2,2,1,4,3,4,1,3,4,2,1,4,2,1,3,3,1,2,3,1,4,1,1,1,2,5,4,2,1,4,2,3,4,5,5,4,4,1,1,1,4,5,3,5,1,2,5,1,4,3,2,5,1,5,3,2,5,3,2
T93,P3,8,5,1,3,1,3,1,1,5,5,1,3,5,5,1,3,1,4,1,3,5,5,2,1,5,4,5,4,5,5,3,5,4,3,5,3,5,2,3,4,2,5,5,2,1,2,4,5,3,1,3,2,5,4,2,2,3,3,5,3,1,5,4,1,2,3
T94,P4,3,4,5,3,1,2,2,3,5,5,3,3,3,4,3,4,1,3,3,5,3,4,4,3,4,3,1,4,4,4,4,3,3,1,3,4,1,2,5,1,5,4,2,5,1,3,5,3,5,4,3,2,1,2,5,5,2,5,4,1,4,3,1,1,5,3
T95,P4,2,2,3,2,3,3,2,4,5,5,5,2,5,1,3,2,2,1,3,5,2,2,2,2,2,2,1,2,4,3,3,5,2,2,1,4,3,3,5,2,1,5,5,5,1,1,2,1,5,2,5,5,3,1,3,3,5,1,5,4,5,5,1,5,5,3
T96,P4,3,5,1,3,2,2,5,3,4,2,3,2,3,5,3,3,1,5,4,2,3,3,5,1,2,4,3,1,2,2,4,5,2,2,4,3,5,4,3,4,4,4,1,4,3,3,2,1,3,1,2,1,3,5,1,1,5,4,5,4,5,1,4,4,5,1
T97,P3,8,1,1,4,4,4,1,2,2,4,4,1,1,2,2,5,1,3,5,1,3,3,4,4,3,3,5,3,4,4,4,2,5,5,5,2,5,2,2,3,2,1,1,5,1,3,1,2,1,4,3,5,4,3,3,3,1,1,4,4,2,2,2,3,5,2
T98,P4,1,4,5,2,1,2,2,3,3,2,3,1,5,5,3,2,1,1,4,3,4,3,4,2,3,5,3,5,4,4,2,5,2,1,5,3,5,4,2,1,2,1,4,2,3,3,2,2,1,2,1,2,2,5,1,4,3,1,2,3,2,4,1,1,2,2
T99,P4,1,1,2,1,5,4,1,4,4,5,1,2,2,1,1,4,4,3,4,1,3,4,2,4,4,4,4,5,1,3,1,4,2,3,1,2,4,2,1,3,1,2,2,1,1,1,2,5,1,4,2,5,3,5,3,5,2,4,2,5,5,3,1,2,3,5
T100,P3,3,5,1,2,5,4,1,1,3,3,3,5,1,2,4,5,5,2,5,2,2,1,5,5,4,2,4,4,4,3,1,2,5,3,3,3,5,3,3,5,1,3,2,1,5,1,1,4,5,1,5,3,5,1,5,4,4,4,5,1,3,2,3,4,1,5
T101,P4,8,5,1,1,4,4,1,4,2,5,4,4,4,1,2,4,2,2,1,4,2,4,4,3,5,4,1,5,1,1,1,3,5,1,3,5,1,1,4,5,2,1,1,1,4,4,4,5,3,5,3,2,5,1,2,1,3,4,3,5,2,2,2,3,5,4
T102,P4,5,2,4,2,2,3,1,2,1,3,2,5,2,2,5,5,2,4,3,4,2,1,5,5,1,3,3,2,2,5,1,1,4,3,3,2,2,3,4,2,2,4,5,3,1,1,1,1,1,5,3,2,1,4,1,5,3,4,1,5,1,1,4,5,3,5
T103,P3,2,3,3,3,3,5,4,3,2,3,2,1,3,2,3,5,4,1,4,4,5,2,1,4,3,2,1,4,4,2,3,4,5,5,2,1,2,2,1,1,1,3,4,2,5,1,1,1,4,5,2,4,3,5,5,3,2,5,1,2,4,3,1,1,1,4
T104,P2,5,1,5,1,2,5,1,4,1,4,5,5,5,5,4,2,4,4,1,1,4,3,2,5,5,5,1,1,2,2,4,1,5,4,3,3,2,1,1,3,2,2,1,1,3,5,2,1,2,5,3,5,3,2,4,2,4,2,5,3,2,1,3,5,2,3
T105,P1,2,1,3,2,1,2,4,3,1,2,4,2,2,3,3,4,3,1,4,3,5,1,2,1,1,1,5,1,5,5,3,5,5,4,5,1,2,5,5,3,3,1,4,5,2,5,4,4,2,1,5,5,3,1,2,5,4,1,4,4,5,2,2,2,5,3
T106,P4,2,2,4,4,3,1,5,5,4,2,2,3,1,2,2,4,2,5,2,2,1,5,3,5,3,1,1,4,1,2,5,3,5,5,5,5,5,1,5,5,3,5,5,5,2,2,2,5,1,2,4,2,3,1,3,3,2,3,3,1,2,1,5,2,3,2
T107,P1,3,2,5,1,2,2,4,2,1,4,3,3,2,1,2,3,2,2,3,3,4,4,1,1,3,1,1,4,3,4,2,3,5,1,1,3,5,3,1,1,3,2,4,3,2,5,1,1,3,5,3,4,3,1,1,2,4,2,4,1,3,1,2,2,3,5
T108,P2,1,1,2,5,5,1,2,5,2,5,1,1,2,1,4,1,3,1,2,5,4,2,2,5,5,3,2,4,3,3,4,5,5,2,3,4,4,4,3,1,1,2,3,3,1,5,1,3,4,3,2,1,2,1,1,2,2,4,2,5,3,4,1,5,2,2
T109,P2,1,5,3,5,1,5,4,5,5,1,1,3,1,1,1,5,5,1,2,1,1,3,1,1,3,1,1,4,3,3,4,3,2,5,5,3,5,1,1,2,4,5,2,5,1,2,2,4,1,2,1,1,3,3,4,1,3,5,1,2,1,2,4,3,5,3
T110,P5,5,2,4,2,4,4,5,5,3,5,2,2,4,3,3,3,4,5,1,2,4,2,5,5,4,4,1,3,1,4,1,2,5,5,1,3,4,5,1,4,5,1,4,3,1,1,1,5,3,3,1,1,3,4,1,3,5,3,4,1,3,2,1,1,2,1
T111,P5,3,5,5,4,4,3,3,5,1,2,5,4,4,4,2,4,4,3,1,1,2,4,3,1,2,3,4,2,3,1,5,1,5,2,3,3,3,4,1,5,4,2,2,4,5,2,1,2,5,1,4,5,1,1,1,5,3,2,3,2,5,2,5,1,4,3
T112,P1,1,3,5,2,2,4,1,2,2,1,4,2,5,1,2,4,3,5,5,5,5,3,3,3,3,4,2,3,3,4,1,4,1,5,4,5,1,4,1,1,5,1,2,3,4,5,3,5,2,3,4,1,1,3,5,4,1,3,3,2,4,4,5,5,3,2
T113,P3,2,3,5,1,2,4,1,1,4,3,2,1,3,4,3,1,2,2,4,3,5,2,5,3,3,5,4,5,1,5,5,4,1,3,1,5,3,4,3,4,5,1,1,1,1,1,2,5,1,1,4,5,4,1,5,5,5,3,2,2,1,2,5,3,2,2
T114,P2,2,3,4,1,5,3,4,1,4,1,2,3,1,3,3,4,5,4,4,5,5,4,3,2,5,2,3,5,1,1,4,2,1,4,4,4,3,2,5,4,5,1,3,5,4,3,4,3,5,5,1,2,4,4,1,3,3,5,5,4,2,4,3,2,2,1
T115,P3,2,5,2,4,3,5,4,3,4,4,5,3,4,2,5,1,2,3,2,4,1,5,1,2,1,3,4,4,3,4,5,4,4,2,1,4,2,3,5,3,5,2,3,2,5,4,2,1,4,4,1,3,1,4,3,3,5,1,4,2,5,2,3,4,4,1
T116,P3,8,4,4,1,1,4,4,5,2,5,5,3,4,5,4,5,3,4,2,3,1,2,5,4,4,2,1,4,1,1,3,2,2,2,5,2,4,4,2,4,3,5,5,1,1,5,2,2,3,5,4,4,1,5,1,3,1,3,5,3,1,5,1,4,2,3
T117,P2,5,3,2,3,3,4,5,3,4,3,5,4,3,4,2,3,1,5,3,3,1,4,5,1,5,3,5,4,2,5,2,4,1,5,5,5,5,2,4,2,3,3,1,1,5,3,2,4,3,3,2,3,2,2,2,2,3,3,4,1,4,2,5,4,5,5
T118,P4,8,3,2,1,1,1,1,1,5,5,5,2,4,3,5,2,2,3,1,2,4,4,4,2,2,2,2,4,3,3,2,4,3,4,2,2,5,2,4,2,1,5,2,2,5,1,5,4,4,1,2,5,3,1,5,5,1,3,4,4,2,2,4,3,1,5
T119,P3,3,2,4,5,1,1,2,2,3,1,4,1,1,3,1,4,3,1,2,5,1,4,4,2,1,1,1,4,3,3,2,4,5,2,3,5,2,2,4,1,3,3,1,5,5,5,1,4,4,2,3,1,4,3,5,1,3,4,5,2,2,2,4,1,3,4
T120,P3,5,3,4,5,4,2,1,3,5,2,5,3,4,1,2,1,3,5,1,5,1,3,5,1,1,3,5,1,2,3,1,3,4,1,2,4,3,5,5,3,5,5,2,4,1,4,3,2,3,4,2,2,4,1,4,2,2,1,1,3,3,2,3,1,3,3
T121,P1,3,2,4,4,5,5,2,2,4,2,1,2,3,2,4,1,5,1,1,3,1,2,4,1,1,2,1,5,1,1,1,5,5,5,5,1,2,4,4,1,3,4,5,3,2,3,2,3,4,5,2,2,3,5,1,2,5,1,2,5,2,4,5,3,3,1
T122,P1,2,4,1,3,5,4,2,2,5,3,1,3,5,3,1,1,4,4,4,3,2,3,1,4,5,2,3,2,5,4,4,1,3,1,2,5,5,1,1,2,4,5,1,5,4,5,4,4,3,2,5,4,5,1,2,2,1,1,5,3,5,5,4,5,2,3
T123,P4,1,1,2,1,4,5,4,1,5,5,4,1,3,4,2,2,2,1,2,2,5,5,5,1,2,4,2,5,2,5,2,1,3,3,2,4,2,2,3,2,2,5,2,5,1,4,2,5,5,2,3,3,2,2,3,2,2,3,5,1,2,3,2,2,5,1
T124,P4,1,2,1,3,3,4,5,3,2,2,3,4,5,4,1,5,5,2,5,5,2,5,4,5,3,5,5,1,1,4,1,4,1,1,2,4,5,1,4,5,1,3,5,1,1,5,4,2,1,4,3,5,4,4,4,2,2,3,1,2,2,2,2,3,4,5
T125,P2,3,5,4,1,3,3,2,4,2,5,5,4,5,3,2,3,4,4,5,1,1,4,3,2,1,1,3,4,5,3,4,2,4,5,4,4,3,5,5,1,1,2,2,5,4,1,2,5,4,3,4,1,4,1,3,4,3,1,1,1,5,1,2,4,5,3
T126,P3,8,3,2,4,2,4,3,2,3,4,2,2,5,5,4,4,2,5,4,2,4,1,5,4,3,2,2,5,5,2,4,5,5,2,2,4,2,1,4,3,4,1,3,4,2,3,5,2,4,2,2,2,5,2,5,4,1,5,2,5,3,4,2,3,3,5
T127,P2,8,3,2,3,3,5,2,1,4,1,1,2,2,3,4,5,2,2,3,4,5,4,4,3,1,2,1,1,1,3,5,4,1,5,3,5,3,4,2,2,4,3,2,1,3,2,2,1,4,2,1,5,4,3,4,2,2,1,2,4,1,5,5,5,1,4
T128,P1,3,1,3,1,2,5,1,3,2,4,1,5,2,1,2,2,2,3,1,2,1,2,5,1,1,5,1,2,3,1,5,3,1,2,4,4,3,5,1,4,4,1,1,5,1,4,1,2,4,3,5,4,1,5,5,3,2,2,1,2,5,1,2,1,5,5
T129,P1,2,4,2,2,3,2,1,1,5,1,3,5,5,5,2,1,2,4,5,4,2,1,5,4,4,5,3,5,4,2,2,4,2,2,3,4,1,3,4,2,2,1,2,1,2,5,5,2,1,1,3,5,3,1,2,5,4,2,1,5,1,1,4,1,1,1
T130,P5,1,4,3,1,1,2,5,5,5,5,5,2,4,5,2,2,1,5,2,2,2,2,3,2,4,4,5,5,5,2,5,5,4,5,1,2,2,2,1,3,3,4,3,1,4,2,5,2,5,5,2,1,2,1,3,3,2,1,2,1,1,2,1,1,4,4
T131,P2,5,5,1,5,3,1,3,4,3,3,2,1,1,5,3,4,4,3,2,3,3,4,3,5,4,4,2,3,4,3,1,2,4,5,2,3,2,1,2,4,1,3,1,5,2,3,4,5,2,4,5,2,4,3,2,4,5,3,5,3,4,2,4,5,1,4
T132,P5,3,3,5,4,5,3,3,3,2,4,2,3,1,4,4,5,2,1,2,2,3,4,2,1,4,4,2,2,1,1,4,5,4,5,1,3,2,2,2,5,5,4,1,3,5,4,4,1,4,3,1,2,3,2,3,2,4,5,5,3,2,3,4,5,2,2
T133,P5,5,4,5,2,5,1,3,4,2,1,2,1,1,5,4,2,3,4,3,2,2,3,2,1,1,2,5,2,2,3,1,5,1,5,4,4,5,2,1,3,4,3,2,5,3,2,2,3,1,4,4,2,4,2,1,5,5,5,1,5,5,3,1,5,3,5
T134,P2,8,2,5,3,2,1,1,1,5,3,1,3,1,4,2,5,2,2,4,3,2,4,3,4,3,4,2,2,4,2,4,4,5,1,2,4,1,4,2,4,3,3,5,2,2,1,4,2,2,1,3,2,1,3,2,3,2,5,4,1,2,4,5,3,5,4
T135,P2,5,1,4,3,4,5,4,4,4,4,3,4,1,3,3,4,5,4,3,2,1,5,5,5,3,5,5,2,2,2,5,5,4,3,4,3,4,2,5,2,4,3,1,1,5,5,4,3,3,2,4,2,4,4,5,5,3,3,5,1,3,2,1,2,4,4
T136,P4,2,4,3,3,4,3,3,2,5,4,1,5,5,2,4,1,1,2,5,2,1,5,5,2,4,3,5,5,3,1,3,2,5,5,4,1,2,3,1,1,2,4,2,2,4,1,1,3,4,1,1,4,5,1,4,5,5,1,3,2,3,3,1,4,4,5
T137,P3,2,3,2,5,2,5,4,1,2,1,5,5,1,4,2,1,5,2,2,3,2,4,1,4,3,4,2,2,2,1,5,5,3,4,5,1,2,3,2,1,2,1,4,1,4,4,4,2,2,2,3,3,5,3,2,3,3,3,5,4,2,2,5,1,4,5
T138,P1,3,2,3,5,1,5,1,5,1,5,1,1,5,2,5,2,1,5,1,2,5,5,5,4,2,1,1,5,3,3,4,1,5,4,5,1,3,2,2,5,4,2,4,1,5,4,5,2,3,1,2,5,4,5,4,5,1,3,4,2,3,1,4,5,5,3
T139,P5,2,5,3,3,2,2,2,5,4,4,2,2,4,2,3,1,3,4,2,1,2,3,2,3,1,5,5,1,2,5,3,5,3,1,5,1,4,1,5,3,1,5,2,3,2,2,4,1,2,3,2,4,5,3,3,5,4,4,1,3,1,2,1,1,5,1
T140,P2,5,2,1,4,1,5,5,5,1,2,3,5,1,3,4,4,5,5,4,5,4,1,3,1,4,1,4,1,3,4,5,5,5,4,5,2,3,2,4,4,3,1,3,2,2,2,2,1,4,4,3,4,4,4,1,1,4,2,4,3,5,3,5,1,1,4
T141,P5,2,5,1,1,4,1,5,3,1,2,1,3,4,4,3,4,1,5,1,5,2,3,3,1,4,3,5,4,5,3,5,2,5,1,2,1,5,4,1,4,2,5,4,1,3,2,2,4,2,5,2,5,2,5,1,1,2,2,2,5,3,2,2,4,2,3
T142,P5,5,1,4,4,4,1,5,5,1,4,3,1,4,4,2,1,5,4,5,5,2,2,1,1,4,3,4,5,1,1,1,1,3,4,1,3,2,3,1,1,3,1,1,3,4,5,4,3,1,4,3,3,2,1,2,5,3,3,1,2,2,1,2,1,2,1
T143,P5,1,5,1,1,2,2,1,1,2,3,4,5,1,2,4,1,2,2,3,1,4,5,3,5,1,4,4,4,2,4,2,4,5,5,4,4,2,2,2,1,2,2,1,4,3,1,2,1,5,5,4,2,5,1,2,4,2,2,1,2,1,1,2,4,4,3
T144,P5,3,5,2,2,1,4,2,4,3,2,1,4,5,4,4,5,4,3,2,2,2,4,5,4,2,5,2,2,3,3,4,3,5,1,5,2,2,3,2,1,4,4,5,4,3,3,2,3,3,4,1,2,5,4,2,4,3,5,5,1,2,5,4,2,3,1
T145,P2,8,3,5,3,4,4,2,1,1,4,3,3,2,5,5,2,5,4,1,1,5,5,5,1,5,3,3,4,2,4,1,3,2,3,5,1,2,4,1,4,4,4,5,4,3,2,2,1,3,4,3,4,4,2,5,1,2,4,1,4,2,4,1,4,2,4
T146,P4,8,1,3,3,5,5,2,4,4,4,2,2,4,1,2,5,1,3,4,5,5,5,5,4,5,5,1,2,3,4,3,3,2,4,1,2,5,5,3,1,3,5,4,2,1,2,2,3,5,1,2,1,1,5,2,1,1,2,2,2,3,2,5,1,3,2
T147,P5,3,4,3,3,3,3,1,1,3,4,2,3,3,2,1,3,3,3,3,2,1,4,2,4,4,2,1,1,1,2,2,5,2,5,4,2,5,1,4,2,3,4,4,5,2,5,4,1,2,2,2,1,4,3,4,1,5,5,3,5,1,3,1,2,5,2
T148,P1,5,4,2,5,4,5,5,5,1,5,4,4,3,5,1,5,4,2,5,1,4,5,3,2,4,3,4,2,3,3,2,2,2,4,4,1,3,3,5,3,1,1,2,3,1,2,1,3,3,2,3,2,3,5,2,5,3,4,3,4,3,2,1,2,4,3
T149,P1,3,3,3,1,1,2,2,4,1,5,2,5,2,5,5,2,1,2,1,3,3,3,3,4,4,2,5,4,4,5,4,5,4,3,5,3,2,5,5,1,4,5,1,1,1,3,1,5,2,4,3,1,1,3,3,5,5,2,5,5,3,3,4,3,3,5
T150,P2,5,5,3,3,4,1,3,2,4,1,5,3,2,5,3,1,3,3,2,4,5,5,3,2,4,3,5,3,1,4,3,2,5,1,2,5,1,5,4,3,5,1,4,3,4,2,2,3,2,3,2,2,2,3,5,5,2,5,4,2,4,5,3,1,3,3
T151,P4,2,5,3,5,1,5,4,5,4,3,3,4,3,2,1,5,1,3,1,2,2,5,3,3,2,4,1,2,1,5,2,5,4,4,3,5,2,1,1,5,2,3,4,4,3,2,1,1,1,2,2,5,5,3,3,1,2,5,1,5,2,2,3,2,2,1
T152,P2,1,2,4,1,3,1,1,2,1,5,4,5,3,4,2,4,2,1,2,3,5,4,5,5,5,5,1,3,3,2,2,2,3,3,3,2,1,5,3,3,4,3,5,2,4,5,1,5,3,2,5,4,5,4,4,5,4,2,3,1,5,4,3,4,3,5
T153,P5,5,4,1,1,5,4,5,3,5,1,2,4,2,1,2,3,2,5,1,4,1,5,1,2,2,3,5,5,4,4,4,5,3,4,2,4,4,5,1,1,2,4,2,2,4,2,2,3,2,1,3,5,4,5,4,3,5,1,2,4,5,4,2,3,3,1
T154,P3,8,1,3,4,4,4,4,2,3,5,3,1,4,3,4,4,2,2,4,3,5,2,5,5,4,2,4,2,1,3,1,3,3,3,2,2,3,1,5,3,5,1,5,2,1,2,5,4,1,4,3,4,2,2,5,5,3,2,1,3,4,1,3,4,1,5
T155,P2,1,2,4,2,4,2,4,2,5,2,4,2,2,3,4,2,4,3,4,4,4,1,2,1,2,2,3,1,1,5,3,2,2,5,2,1,5,5,2,2,5,1,2,2,5,3,1,2,2,3,2,4,5,2,4,2,5,4,4,5,3,3,5,2,1,2
T156,P4,2,4,1,4,4,5,3,3,3,3,1,3,5,2,4,2,1,5,4,1,5,4,3,4,1,1,4,5,5,3,1,3,3,5,3,2,3,3,1,4,3,3,4,1,1,2,5,1,1,2,4,1,1,3,5,4,3,5,4,5,4,1,4,2,3,2
T157,P2,5,5,5,2,4,3,1,3,3,4,5,4,4,1,5,5,1,3,5,2,2,2,3,2,1,5,1,5,1,1,4,3,1,3,3,4,1,1,2,3,4,3,1,2,1,5,2,4,4,3,3,2,1,2,5,2,2,5,1,5,2,3,4,1,1,5
T158,P3,2,3,2,3,5,1,2,5,4,4,4,1,1,3,3,4,5,4,2,2,4,5,3,4,5,5,2,3,5,4,5,4,5,2,3,5,5,2,5,1,1,4,5,4,5,2,3,3,4,1,5,3,4,5,2,4,1,5,5,3,3,4,1,3,5,4
T159,P1,2,4,1,3,3,1,5,4,1,2,1,4,5,2,2,2,4,1,3,4,4,4,3,4,3,2,1,4,3,2,5,1,5,1,4,3,1,4,2,4,5,1,3,5,2,4,1,2,3,5,1,2,3,4,3,5,2,3,1,5,1,3,3,5,5,4
T160,P4,8,3,3,1,4,1,3,1,2,5,1,1,3,4,1,2,3,4,1,5,5,5,3,5,4,3,2,2,5,3,5,5,2,2,3,5,3,4,4,1,2,3,5,1,4,5,1,1,4,5,5,1,2,2,2,1,2,4,1,2,3,5,1,5,5,2
T161,P2,8,3,2,3,3,5,5,3,3,3,5,4,4,1,4,2,5,4,3,3,2,1,3,4,3,1,2,1,1,5,3,3,4,1,2,3,3,2,5,4,3,3,4,4,3,4,4,2,4,2,1,4,2,1,4,4,5,3,5,4,5,5,4,3,1,4
T162,P2,5,4,2,1,4,3,1,2,1,2,4,4,1,3,5,1,5,4,3,1,5,1,1,3,5,4,4,4,2,2,3,5,5,2,2,2,3,1,1,1,5,1,3,2,5,1,2,5,4,3,3,3,3,3,1,1,4,5,1,3,2,2,5,4,4,1
T163,P3,3,4,4,3,2,1,4,4,2,5,1,4,1,1,5,4,1,4,4,3,5,1,1,4,1,3,3,2,1,1,5,4,5,3,1,1,5,5,2,2,2,5,4,5,3,1,4,1,4,4,3,3,3,1,3,4,1,4,2,1,4,4,1,2,1,3
T164,P2,5,3,3,5,2,1,5,2,4,1,3,2,4,2,4,2,3,5,4,1,1,2,5,4,5,2,4,1,1,4,4,4,1,4,4,5,2,5,2,2,2,1,1,4,5,5,4,5,4,3,5,1,3,4,1,5,2,4,5,5,4,4,4,5,3,2
T165,P2,5,5,4,3,2,3,4,2,3,3,3,2,4,2,3,3,4,1,4,2,3,5,3,1,1,4,5,2,4,3,5,3,5,5,5,2,5,4,1,5,2,3,5,1,2,2,3,5,4,5,2,5,4,4,2,1,2,4,4,5,3,4,1,2,4,5
T166,P3,3,5,3,2,4,3,1,4,3,1,5,2,2,1,4,2,2,1,1,5,1,1,3,4,3,1,5,4,3,3,4,1,4,3,2,4,5,3,3,2,2,2,2,1,4,5,5,3,1,3,5,4,1,1,5,3,4,1,3,1,3,2,3,5,4,1
T167,P2,5,3,5,4,3,3,1,2,1,2,4,1,5,5,5,5,2,3,4,5,4,1,2,2,2,3,3,2,3,4,4,4,4,1,1,2,5,3,3,2,3,4,3,2,3,2,3,4,5,1,1,4,3,2,3,4,2,5,2,1,3,5,5,2,1,1
T168,P5,2,1,5,2,5,1,1,2,1,5,2,5,4,4,5,3,1,4,5,2,5,4,1,5,4,5,5,4,3,2,2,2,4,3,1,1,1,3,1,4,5,1,5,3,2,5,5,1,5,1,2,5,2,2,1,2,5,5,1,2,2,2,2,4,1,3
T169,P5,1,3,4,2,5,2,2,3,4,1,2,1,1,4,5,2,3,3,3,1,5,5,4,1,5,3,3,3,5,3,5,5,2,3,5,5,3,3,3,4,3,2,1,5,3,4,5,5,2,4,5,2,4,4,3,4,2,4,4,4,3,5,4,1,5,1
T170,P2,8,4,3,2,5,4,1,4,2,4,1,1,4,4,5,3,2,3,4,3,2,3,2,1,1,4,3,1,3,1,4,1,1,2,4,5,3,5,5,2,5,1,2,2,2,4,5,2,1,1,2,4,3,2,3,4,2,2,1,2,2,2,1,3,1,1
T171,P1,5,2,2,5,5,4,5,2,4,3,5,5,2,2,1,1,5,5,4,5,2,2,4,3,3,2,1,3,1,2,2,1,2,5,2,5,4,1,3,4,1,3,5,3,5,2,2,5,4,3,5,4,3,4,5,3,3,4,2,3,4,2,1,4,3,1
T172,P5,1,5,1,1,1,2,2,2,1,3,3,1,1,3,4,5,1,1,2,2,1,4,4,2,5,1,4,4,1,5,2,1,5,3,3,5,2,1,4,1,2,3,1,5,1,1,3,3,4,3,3,1,3,1,1,5,1,4,1,1,2,4,2,5,1,4
T173,P3,3,4,5,3,4,3,5,3,5,1,1,1,2,4,5,3,5,2,3,2,3,4,1,1,4,4,1,5,3,5,5,4,1,3,1,1,1,4,1,1,3,4,5,2,1,1,3,5,2,3,2,3,3,4,3,5,4,2,4,2,2,2,3,5,4,2
T174,P1,2,5,2,2,1,2,1,1,2,5,5,3,1,5,5,3,1,2,1,4,5,3,1,3,4,2,2,5,1,4,1,1,3,5,5,1,1,4,1,5,3,4,3,1,4,3,4,2,2,5,4,4,5,2,4,5,5,4,2,3,2,4,4,4,2,3
T175,P5,2,3,5,5,1,1,1,1,3,4,3,3,5,3,1,5,1,5,5,2,5,2,4,1,3,4,3,1,3,5,4,2,3,4,2,1,1,4,2,4,4,2,5,3,3,3,4,3,4,4,2,1,2,5,3,2,2,2,5,5,3,1,3,1,1,5
T176,P3,1,5,2,3,1,1,1,2,5,5,2,3,3,2,5,3,1,1,5,2,2,3,5,5,3,5,5,3,5,3,4,2,2,5,1,1,2,1,3,3,4,1,2,4,5,3,2,2,1,2,5,1,1,4,1,4,5,2,5,1,2,2,3,5,4,5
T177,P2,3,5,2,5,5,5,3,2,4,1,2,3,4,1,2,1,3,5,1,2,3,3,3,5,5,2,3,4,3,2,3,3,4,2,3,5,1,4,4,2,5,5,5,2,2,2,3,3,4,4,1,1,4,1,3,4,2,5,2,1,2,4,4,1,4,2
T178,P5,5,5,1,5,3,5,4,2,5,5,2,1,2,3,5,2,5,1,5,5,2,1,3,2,2,1,4,5,2,1,2,1,1,3,1,1,4,5,3,5,2,3,3,1,4,1,4,3,3,4,1,1,3,1,3,3,2,4,4,2,2,5,3,5,3,4
T179,P1,8,5,3,4,4,2,2,5,1,1,4,3,5,5,5,3,4,3,5,3,4,1,5,1,2,1,2,3,2,1,4,4,1,1,2,1,1,1,1,5,5,4,2,4,4,2,2,4,1,1,3,3,3,4,2,5,2,5,2,2,5,1,3,4,4,1
T180,P3,3,1,4,5,4,2,5,1,4,1,5,2,2,1,5,2,2,2,5,2,5,1,5,1,1,2,1,1,3,3,3,4,5,5,3,2,3,5,3,2,5,1,2,4,3,5,2,4,5,5,3,2,1,5,2,4,1,5,3,3,1,5,5,4,4,3
T181,P5,3,3,5,2,4,1,1,1,3,2,1,3,4,4,2,3,5,4,3,2,4,3,5,5,2,4,2,5,2,4,4,3,3,1,3,1,3,4,4,2,4,4,1,2,4,4,5,4,5,3,3,4,2,4,3,5,5,3,4,3,3,5,5,3,5,4
T182,P3,2,4,1,3,2,4,5,3,2,2,2,2,4,1,5,4,1,4,5,4,5,3,4,3,4,3,3,3,2,1,1,3,2,2,5,2,3,5,1,1,4,3,4,1,2,5,4,3,1,1,5,1,4,1,1,5,2,3,3,4,3,5,5,1,1,4
T183,P5,8,2,1,5,1,4,4,1,2,3,5,2,4,5,5,3,4,3,3,2,4,4,2,4,2,4,1,4,1,3,3,3,5,3,1,2,2,5,4,3,4,2,1,5,5,5,3,5,1,1,5,2,2,5,3,2,5,1,4,2,3,4,4,3,3,5
T184,P4,5,1,3,3,4,2,2,3,1,3,1,4,5,4,5,4,3,3,1,3,2,3,2,4,4,5,5,3,3,5,3,2,4,1,1,4,1,1,2,4,5,4,3,3,4,1,2,3,5,2,5,1,5,5,3,1,5,2,4,4,3,5,2,2,5,5
T185,P4,1,1,4,5,5,2,3,4,4,4,1,4,2,5,2,1,1,2,3,3,1,3,2,1,4,3,3,2,2,2,3,3,1,3,1,2,4,3,2,4,2,4,3,2,3,1,2,4,2,5,5,1,2,2,4,4,4,2,2,5,3,4,3,3,1,2
T186,P4,5,2,5,2,1,2,4,4,5,4,1,2,3,2,1,2,2,4,1,4,5,5,1,1,5,3,5,2,5,5,4,1,4,4,4,2,1,5,2,4,2,2,4,4,2,2,1,1,4,4,2,3,1,3,2,5,5,5,5,2,1,1,3,4,5,1
T187,P5,1,2,4,3,3,1,2,2,1,1,1,1,2,2,1,2,3,2,2,4,2,1,1,1,5,2,4,1,1,5,3,5,1,1,2,3,1,4,1,5,5,2,1,1,2,1,3,2,2,3,4,1,1,4,5,2,2,5,3,5,3,2,1,3,2,2
T188,P3,2,3,4,3,2,1,5,4,2,1,4,1,2,1,2,1,1,4,5,4,3,3,2,1,4,1,5,1,2,4,3,5,1,5,5,5,5,4,5,5,4,2,3,3,5,5,3,1,1,5,3,1,1,3,1,3,4,5,3,2,3,4,2,1,2,2
T189,P1,3,1,2,1,2,1,3,4,4,2,4,4,2,1,5,3,4,2,1,2,5,4,5,1,3,4,1,2,2,3,3,4,1,1,3,5,3,3,2,3,5,2,2,5,5,2,2,2,5,1,4,4,3,5,2,1,3,3,2,5,4,1,2,1,5,5
T190,P4,1,3,2,3,3,1,2,2,5,4,2,3,2,4,1,5,5,2,1,2,5,1,2,5,2,3,4,3,1,3,5,5,2,3,1,4,3,1,3,3,2,5,4,4,3,2,3,3,1,2,1,3,4,3,4,1,3,3,1,4,1,3,2,3,1,3
T191,P3,3,4,4,3,2,1,1,2,1,5,1,2,5,2,1,1,5,4,2,3,2,5,2,4,2,2,2,3,4,5,4,2,5,4,4,3,3,4,5,2,2,3,2,5,1,3,2,4,1,5,5,3,1,2,3,1,5,4,5,4,3,1,3,3,2,5
T192,P3,5,5,4,1,3,4,2,2,2,5,2,1,3,2,3,4,5,2,1,2,2,4,1,2,1,5,1,4,1,1,5,5,3,1,2,5,5,4,1,1,1,4,2,2,2,3,4,4,3,1,2,5,2,4,3,3,4,4,3,4,2,3,3,5,2,2
T193,P5,3,1,5,4,3,5,1,1,2,3,1,4,2,5,3,2,5,1,1,2,1,2,4,1,3,1,3,2,3,1,5,2,3,1,1,4,4,5,2,4,5,3,2,2,4,2,5,2,1,5,5,2,2,4,1,4,2,1,3,4,2,5,5,2,3,3
T194,P5,3,1,5,3,4,3,4,5,4,2,4,2,3,2,5,5,4,5,1,4,1,5,3,3,5,3,3,5,5,1,2,1,4,4,3,4,3,5,2,5,5,5,3,3,2,5,2,3,5,2,4,5,4,4,1,5,2,2,2,4,5,1,3,1,2,1
T195,P1,1,4,2,1,1,3,2,3,2,3,1,4,3,2,5,5,3,1,3,4,2,5,2,2,3,1,2,1,4,4,1,3,3,3,5,4,4,2,1,5,5,2,1,3,2,3,3,3,3,4,2,5,1,4,2,3,4,1,3,2,4,3,4,3,3,3
T196,P4,2,4,5,1,4,2,1,1,3,2,4,3,2,2,1,2,5,2,5,3,4,4,5,1,4,2,4,3,2,3,4,1,2,3,5,3,5,5,1,5,2,4,3,2,5,2,2,1,5,2,3,1,2,3,3,5,2,5,3,2,5,5,4,1,3,3
T197,P3,3,5,3,3,2,4,2,2,3,3,3,2,2,4,5,2,3,2,1,2,2,1,4,2,1,1,1,4,1,5,3,5,2,4,4,4,2,1,2,1,1,5,1,2,1,2,4,5,1,4,4,2,4,4,1,3,1,3,4,3,4,1,2,3,5,2
T198,P5,5,3,4,4,4,4,4,1,3,2,3,3,1,1,4,4,3,1,2,3,1,3,1,3,2,1,5,4,1,3,4,3,1,3,1,1,4,1,2,5,2,1,5,3,3,2,4,5,5,4,3,1,3,1,3,5,5,1,3,1,1,3,1,1,3,2
T199,P4,3,2,4,2,3,1,3,5,3,2,4,1,1,2,4,5,4,4,2,4,1,4,2,4,4,1,1,2,3,1,2,4,1,5,2,5,1,5,3,1,4,2,5,3,5,1,5,2,5,5,4,3,5,4,5,5,3,5,3,5,3,5,3,1,5,4
T200,P2,1,5,5,4,5,1,4,4,3,3,4,4,5,1,3,2,5,5,1,3,2,3,3,1,5,1,3,2,5,1,4,2,4,3,2,2,5,3,1,2,1,3,3,4,1,1,5,3,3,3,3,5,4,3,2,4,5,4,4,5,2,3,2,3,5,1
T201,P2,3,5,4,3,5,2,1,2,2,4,3,3,5,4,5,3,4,3,4,1,1,3,4,5,1,5,1,3,5,4,1,4,2,5,1,4,3,2,2,4,5,3,4,4,4,4,4,4,3,3,4,3,1,1,2,1,2,3,4,4,1,3,5,4,3,4
T202,P3,5,1,5,4,3,2,4,2,3,4,5,1,1,3,5,5,1,2,3,5,4,3,1,4,3,3,2,4,1,3,2,1,4,1,4,1,4,3,4,1,5,1,1,1,5,1,1,3,2,5,5,1,5,5,4,2,5,2,5,3,2,4,5,1,5,5
T203,P3,2,5,2,5,2,4,3,3,3,5,2,3,4,3,5,1,3,5,5,1,3,3,4,5,3,3,2,1,4,1,2,2,2,3,1,1,5,3,4,4,5,2,3,1,5,1,1,1,2,4,2,2,4,4,5,2,3,1,3,3,3,4,5,2,4,5
T204,P1,5,5,5,5,1,1,4,2,2,4,2,4,2,3,1,4,5,2,4,3,3,1,4,4,2,5,3,5,3,2,1,4,3,3,4,1,3,5,2,1,5,3,1,4,1,3,2,5,4,1,2,2,5,1,1,5,2,1,4,3,1,4,2,5,4,4
T205,P2,1,1,5,5,4,4,2,1,5,3,4,3,4,5,1,3,2,5,3,4,1,4,1,4,3,2,4,3,3,4,2,1,3,3,3,3,4,1,4,2,1,5,2,4,3,4,4,4,2,5,3,3,4,4,4,4,2,2,1,1,2,4,3,2,2,1
T206,P1,3,5,3,3,5,1,3,1,1,4,5,5,4,1,1,3,5,3,3,5,3,5,1,1,2,3,3,5,3,2,4,4,1,2,1,5,4,5,2,1,1,3,2,2,1,5,3,1,4,3,3,1,4,3,5,1,5,5,1,5,2,4,4,5,4,3
T207,P5,2,3,4,2,2,1,1,3,4,5,1,4,2,4,2,1,3,2,4,1,5,1,1,3,3,2,2,2,5,3,4,3,4,5,5,4,4,2,5,3,4,2,2,5,2,2,1,4,1,3,1,3,3,5,1,5,2,5,1,5,4,4,4,2,1,1
T208,P3,1,4,4,5,2,2,5,4,1,5,2,4,3,5,4,1,3,3,1,1,1,5,5,4,3,3,3,2,2,1,3,4,4,4,2,2,5,3,3,3,5,4,4,5,5,3,5,3,1,3,1,2,2,3,2,3,5,5,2,2,3,1,1,4,2,2
T209,P5,8,3,2,3,2,3,1,5,5,2,1,5,5,3,5,2,1,3,4,2,3,3,4,1,4,4,2,2,5,3,2,3,4,2,2,4,3,3,1,1,1,3,4,5,5,5,2,5,5,4,1,4,2,1,3,3,2,4,4,3,4,3,4,2,4,4
T210,P1,5,4,5,5,3,2,2,5,3,2,2,4,5,2,5,4,5,4,2,1,2,2,4,2,5,2,5,1,5,5,4,4,4,5,2,4,2,2,2,4,2,1,5,4,3,2,5,3,3,5,1,5,2,2,2,3,4,1,5,3,2,5,1,4,2,4
T211,P5,1,3,4,2,2,1,3,1,4,5,2,1,2,5,2,4,5,3,1,2,4,1,2,4,5,3,2,2,2,3,2,3,3,5,1,4,3,1,3,5,5,5,5,1,2,4,3,2,1,1,4,4,5,2,1,2,3,5,2,3,4,5,5,3,5,1
T212,P4,5,5,2,4,2,3,5,4,4,5,2,1,3,5,1,5,3,2,2,3,3,2,2,5,1,5,4,1,1,3,5,1,1,3,2,4,2,1,4,2,2,5,5,4,4,1,5,3,1,3,5,2,2,1,4,5,3,3,1,1,5,2,1,5,2,4
T213,P2,1,4,4,3,4,5,1,2,5,2,1,3,1,1,1,2,1,5,4,4,5,3,4,2,3,1,3,1,4,1,3,1,5,1,5,2,5,3,2,3,2,2,5,2,3,3,2,2,1,1,2,2,4,1,5,3,5,1,1,4,4,5,4,4,2,2
T214,P3,2,4,3,3,2,3,3,2,3,5,5,1,3,5,5,5,4,2,3,5,1,4,4,2,3,1,3,5,1,1,3,3,4,5,5,2,3,5,2,3,2,5,4,1,4,1,2,3,3,3,4,3,1,1,1,3,5,1,1,5,3,3,4,3,1,4
T215,P4,5,5,5,2,4,5,2,1,5,2,2,4,3,1,3,2,5,3,3,5,3,5,1,4,5,5,5,4,2,1,5,3,1,5,2,3,5,4,3,4,1,3,3,4,1,1,4,5,2,4,4,5,5,3,3,1,5,1,4,1,4,4,5,1,5,4
T216,P2,5,3,2,2,5,4,5,5,3,5,1,3,2,5,5,2,3,3,4,1,3,5,1,3,4,1,2,5,1,1,1,1,2,1,2,1,1,2,1,3,2,5,3,1,1,5,3,2,3,5,2,2,4,1,2,2,4,4,2,5,4,3,5,3,3,5
T217,P4,2,2,1,3,5,3,1,4,4,4,3,3,5,2,1,4,2,1,4,4,2,1,5,4,2,2,5,5,2,2,3,1,5,5,5,2,4,1,2,1,2,5,4,3,2,2,5,3,5,2,5,1,1,1,3,1,4,3,5,5,4,1,5,5,5,3
T218,P5,2,5,4,3,3,5,2,4,4,4,3,3,3,3,3,2,4,4,5,4,2,3,2,3,5,3,1,1,3,1,4,4,2,4,5,5,2,1,5,4,4,3,2,1,3,4,2,2,5,4,4,3,4,4,1,2,1,4,3,5,1,1,3,4,5,1
T219,P3,2,3,1,4,4,1,5,4,2,5,4,5,2,1,2,5,3,3,5,3,4,5,4,5,2,5,5,1,3,3,2,2,2,1,2,5,3,4,5,5,1,1,1,3,2,3,3,3,3,4,2,3,3,3,3,2,4,5,5,2,1,1,1,4,4,1
T220,P2,3,1,3,3,1,4,4,1,2,3,2,4,2,5,5,4,4,2,1,4,3,1,5,1,2,4,3,2,4,1,5,4,4,5,2,4,1,3,4,3,5,4,4,3,5,1,4,1,2,4,3,5,1,2,4,2,1,3,3,4,1,4,5,2,4,2
T221,P5,5,5,4,1,3,1,5,4,2,5,4,3,3,5,2,2,1,3,5,4,2,3,3,5,1,2,2,3,1,1,1,1,4,1,5,1,4,2,3,1,1,2,3,4,4,1,2,4,3,1,4,5,1,1,1,2,1,4,5,5,2,4,2,2,1,3
T222,P1,2,2,2,5,3,3,5,5,2,3,2,1,4,1,5,2,5,1,1,3,3,1,1,4,5,4,3,3,4,3,4,2,1,5,5,5,3,3,2,2,3,1,3,4,3,1,3,3,3,2,3,4,4,5,2,1,4,2,1,4,1,2,5,5,2,2
T223,P2,5,5,3,3,3,1,3,5,3,4,5,5,3,5,4,1,2,2,4,4,2,2,5,2,1,5,3,2,4,1,5,1,3,5,2,3,4,1,1,1,5,1,1,2,2,2,2,2,3,3,1,2,1,3,1,4,5,3,3,4,5,2,5,4,5,4
T224,P2,8,4,2,2,5,2,3,5,1,5,3,1,5,4,4,1,1,2,5,3,1,1,2,5,2,1,4,1,2,3,5,2,3,4,3,3,5,5,3,2,1,1,2,4,2,1,5,5,5,5,5,3,4,5,4,4,3,4,2,1,5,5,5,3,1,5
T225,P4,2,1,2,2,5,5,2,2,1,2,5,2,1,4,4,1,1,5,2,2,2,2,5,2,5,1,1,4,1,4,3,3,3,3,2,1,2,5,2,3,3,2,4,2,1,5,1,5,5,4,5,2,5,1,1,3,1,4,2,1,4,5,5,3,5,2
T226,P1,8,1,4,3,5,4,5,1,3,3,5,4,3,1,5,4,3,4,5,5,5,1,1,3,3,4,2,3,1,1,2,2,2,1,4,1,4,3,1,2,4,2,2,1,5,2,5,1,4,5,4,5,2,5,1,2,2,3,1,3,4,4,2,1,5,1
T227,P3,3,1,5,1,4,1,4,4,5,2,4,3,5,2,4,3,5,1,4,1,5,4,5,2,1,1,3,5,5,2,3,5,5,4,4,5,3,1,1,4,3,4,5,4,1,3,1,4,3,4,2,5,5,5,3,4,3,1,2,1,2,5,2,5,1,2
T228,P3,1,1,1,2,3,2,5,4,4,3,3,1,3,2,5,5,5,4,1,1,1,1,4,4,4,3,1,3,3,5,1,2,3,1,1,1,3,3,1,4,5,3,3,4,1,4,4,1,3,3,1,5,2,4,1,2,5,4,1,1,4,4,3,4,5,3
T229,P2,2,3,3,5,4,1,1,3,1,3,4,4,4,3,5,4,5,5,1,4,4,5,2,2,3,2,3,5,4,3,3,1,4,4,3,3,4,2,1,2,5,3,3,4,5,2,5,2,4,2,5,4,2,2,1,2,1,5,2,1,4,3,5,4,4,5
T230,P1,5,4,4,1,3,4,3,1,5,3,1,1,1,3,2,4,1,5,2,2,1,5,4,1,3,3,4,5,3,2,5,3,2,5,1,3,5,5,4,1,5,2,5,5,5,5,5,2,3,3,3,2,1,1,5,2,4,5,4,5,1,4,5,1,3,3
T231,P4,8,4,4,4,2,4,5,3,1,5,2,3,1,3,1,5,4,4,5,4,5,1,5,2,3,1,4,5,1,3,2,4,1,4,1,2,1,3,4,5,1,1,3,1,3,1,5,1,3,3,5,5,5,1,4,5,4,5,5,2,2,5,2,2,3,2
T232,P3,2,4,5,5,4,1,5,1,2,2,5,1,3,5,5,2,4,4,1,3,2,3,3,4,1,4,3,2,1,5,3,3,3,1,3,3,3,3,5,1,4,2,1,4,4,4,4,2,4,5,2,3,3,2,4,2,1,4,5,2,5,1,5,1,2,1
T233,P1,5,3,1,2,1,5,5,1,3,5,5,3,4,4,4,3,3,5,3,3,2,5,1,3,4,4,3,3,1,1,4,4,1,4,2,1,3,2,3,4,3,4,5,4,4,3,4,5,4,4,1,2,1,5,2,5,4,2,3,4,2,5,1,3,2,5
T234,P5,1,3,4,4,3,2,1,4,4,5,1,1,1,1,4,4,1,4,2,4,2,4,5,4,5,3,2,2,5,5,4,2,5,4,4,1,1,3,2,5,2,4,5,1,5,1,4,3,1,1,3,3,5,4,2,1,4,4,4,4,4,5,5,3,5,1
T235,P2,5,1,5,4,3,3,5,2,5,4,4,5,2,4,1,1,1,1,4,3,4,3,2,2,4,3,4,4,3,5,2,2,2,2,2,4,4,4,5,5,5,3,1,4,4,3,3,2,3,3,2,5,2,2,2,3,1,3,4,5,1,4,3,1,5,2
T236,P5,3,2,4,3,3,5,3,5,4,1,4,4,2,3,5,2,3,2,1,3,1,1,3,1,5,5,4,2,4,2,5,5,5,1,1,1,3,1,3,1,3,3,4,4,1,4,3,1,3,2,1,5,2,3,4,1,1,1,4,1,2,4,4,5,4,2
T237,P3,5,1,4,4,1,4,3,2,5,3,2,4,3,2,3,2,1,3,1,4,4,3,1,2,4,2,1,2,4,4,4,4,5,3,5,5,4,4,3,5,1,2,2,4,5,1,3,1,2,5,5,4,1,2,4,3,5,3,4,2,1,5,4,2,2,3
T238,P1,8,5,2,3,4,3,5,2,4,3,2,5,5,1,4,1,5,2,4,3,1,2,3,4,4,1,2,2,4,5,2,5,5,3,1,4,4,3,5,2,3,3,5,2,3,5,5,5,5,3,4,3,5,2,3,2,1,5,3,5,2,4,4,2,3,5
T239,P1,3,3,2,5,2,1,1,3,3,4,1,1,5,4,2,5,4,5,4,1,5,3,5,4,3,1,1,5,3,4,5,3,3,3,2,1,4,1,5,4,3,1,3,1,3,2,4,2,2,2,1,4,4,3,1,3,5,4,5,4,5,1,2,2,2,3
T240,P4,2,4,1,3,3,5,1,5,4,5,3,4,5,5,1,1,5,5,1,5,1,5,3,5,1,5,1,4,5,2,3,4,2,4,2,4,4,3,3,1,4,1,4,5,5,1,2,2,5,5,4,4,2,3,2,5,2,5,4,3,3,5,3,5,4,2
T241,P5,8,4,4,2,3,5,4,4,5,2,5,5,4,5,1,1,1,4,4,2,2,4,2,3,2,4,4,4,3,1,4,3,5,4,2,3,5,2,3,1,2,3,1,1,2,5,2,1,3,1,2,1,5,1,5,5,3,1,3,4,3,3,5,5,4,5
T242,P5,3,5,3,5,1,4,5,2,3,3,1,2,4,3,1,5,4,3,5,5,1,5,4,5,3,4,4,1,1,1,2,2,1,5,5,4,5,5,3,4,1,1,5,1,1,5,5,1,3,4,3,5,4,3,2,3,1,1,1,5,1,4,3,3,5,4
T243,P5,5,4,4,2,1,2,3,5,4,1,2,2,1,3,1,3,4,4,3,3,4,5,4,3,5,4,2,1,2,1,2,5,4,3,5,2,1,5,5,2,2,4,3,2,3,5,4,5,5,5,5,4,1,1,3,3,1,3,3,2,2,1,5,4,2,1
T244,P1,1,1,4,1,4,2,4,3,5,2,2,2,5,5,4,4,3,4,4,3,3,4,3,2,1,1,5,5,2,2,3,3,4,5,4,1,1,3,5,2,5,2,4,2,3,5,2,4,2,4,2,1,3,5,3,5,2,3,1,2,1,2,4,5,5,1
T245,P3,8,1,1,4,2,3,1,1,4,3,5,1,5,1,2,1,1,1,4,4,1,4,4,3,1,4,5,5,3,2,5,3,4,2,2,2,5,2,1,4,4,2,2,2,4,2,2,4,3,4,3,5,5,3,4,1,4,4,3,1,1,5,1,3,3,1
T246,P3,3,1,4,3,2,4,3,3,5,4,3,4,3,3,2,5,4,3,4,4,1,4,1,4,4,1,5,4,3,5,2,4,2,5,3,4,1,2,1,5,4,4,2,2,3,5,2,1,1,4,5,3,3,3,2,5,5,1,3,1,2,4,3,1,5,1
T247,P4,1,2,3,4,2,5,2,1,2,3,1,1,3,1,1,4,5,2,4,5,4,4,2,1,2,5,3,2,2,5,1,3,3,3,3,4,5,5,1,3,1,4,3,5,3,2,1,4,1,3,3,3,4,5,4,3,1,3,5,2,1,5,4,2,1,1
T248,P1,3,1,5,3,3,5,5,3,3,1,5,4,2,1,2,2,4,2,3,2,4,4,5,1,5,4,1,1,5,3,3,4,2,4,4,3,4,3,4,5,2,5,2,5,2,4,4,3,3,3,1,1,5,2,5,1,3,3,2,3,2,2,2,2,1,5
T249,P2,5,4,4,4,1,4,1,4,4,4,5,3,1,5,4,2,4,3,4,3,1,1,1,3,3,5,4,5,2,1,1,5,5,5,4,3,1,3,4,1,5,5,4,2,4,2,5,2,2,4,2,3,4,5,4,4,5,2,4,1,2,2,4,5,4,2
T250,P1,8,2,5,4,5,5,1,3,2,3,1,1,5,1,3,2,2,1,5,2,3,3,4,3,4,4,5,3,3,3,1,5,1,4,3,5,4,5,2,2,4,3,5,4,1,1,1,1,1,1,1,4,4,1,1,1,1,1,5,2,3,2,4,3,5,3
T251,P1,8,2,3,5,1,2,2,4,5,3,2,2,4,5,4,2,3,1,4,2,3,5,2,2,3,5,5,2,3,3,2,1,3,1,4,2,3,3,5,2,3,5,1,4,1,5,2,2,4,2,5,5,1,5,3,4,2,4,3,1,4,5,1,1,2,3
T252,P1,2,4,1,3,2,1,1,2,5,4,1,4,5,1,1,2,5,5,1,3,1,1,1,2,5,5,5,5,5,5,3,2,5,1,3,2,3,3,1,4,3,5,3,2,4,4,5,3,2,2,4,4,5,3,1,1,3,1,4,1,2,5,5,1,3,5
T253,P4,3,3,4,3,3,2,5,5,1,4,3,4,3,5,5,1,5,1,4,5,1,2,5,1,2,4,2,3,1,2,5,3,3,4,2,1,3,2,1,1,3,3,1,1,2,1,4,1,1,1,1,3,3,1,3,1,3,3,2,4,5,5,4,5,1,3
T254,P4,8,2,1,3,4,3,5,4,2,4,4,1,4,5,1,1,3,3,5,1,3,4,3,5,1,3,1,5,5,2,1,1,2,5,1,4,2,5,4,3,2,5,2,4,1,2,3,5,4,5,3,4,2,1,1,1,4,4,4,2,2,5,1,3,3,5
T255,P3,5,3,2,3,2,4,5,2,4,4,3,4,3,3,5,1,1,3,4,5,1,2,4,2,1,5,5,5,3,5,2,4,4,5,4,3,4,5,1,2,4,2,5,3,2,1,5,3,2,2,3,4,2,1,5,4,3,2,4,5,3,1,1,1,1,3
T256,P2,5,4,5,4,1,5,1,2,1,2,4,3,5,1,2,3,3,2,3,2,5,4,5,4,2,4,3,3,1,2,5,2,1,4,5,5,3,1,5,4,4,5,2,3,5,1,4,1,4,2,3,5,5,3,5,4,5,2,1,4,5,2,5,4,3,4
T257,P1,5,1,3,2,2,1,1,5,1,3,1,4,3,4,3,1,5,3,1,2,2,2,3,1,5,2,2,1,5,5,3,3,1,3,2,5,5,1,1,3,1,1,2,3,4,2,4,3,3,5,5,1,4,1,3,3,1,4,3,5,5,5,2,5,1,3
T258,P1,1,3,1,2,3,3,3,3,2,1,2,1,1,2,1,4,1,1,3,3,4,2,2,4,1,1,4,1,1,5,1,2,4,3,5,5,4,2,4,2,2,1,3,2,1,5,4,3,2,3,1,5,5,4,3,5,2,4,3,1,3,5,1,1,4,3
T259,P2,1,5,2,2,3,4,2,5,4,4,5,4,3,2,2,4,4,5,4,3,4,1,1,4,5,1,3,2,4,1,2,3,5,2,4,2,4,5,1,5,4,2,3,1,1,2,3,1,3,2,4,4,5,4,1,2,1,5,4,2,2,3,3,2,4,5
T260,P2,2,5,1,1,3,1,2,2,1,2,5,4,2,5,5,2,5,4,1,3,5,3,1,4,3,2,5,5,5,1,4,2,1,2,1,4,2,1,5,5,2,3,3,4,5,2,5,5,3,2,3,1,1,3,3,4,2,2,2,3,5,4,3,3,5,2
T261,P4,5,2,1,2,2,4,3,2,1,1,5,5,4,1,5,3,2,2,2,2,3,5,1,1,4,4,5,4,4,4,3,3,2,2,2,4,4,3,1,5,5,5,1,5,5,4,5,5,2,4,3,4,5,1,2,3,4,2,3,1,5,1,5,3,2,3
T262,P4,8,4,1,2,5,3,2,3,1,1,4,3,3,1,5,5,3,4,3,3,3,3,5,4,5,2,2,2,1,4,5,4,2,5,1,3,5,1,5,5,4,3,2,4,1,1,2,2,3,3,4,3,2,2,3,1,5,4,4,5,4,3,2,3,3,2
T263,P3,2,5,5,5,5,5,2,3,3,5,4,5,3,3,3,1,3,2,4,5,1,4,5,1,1,4,4,3,5,5,2,4,1,5,4,2,1,3,4,2,4,4,3,4,4,1,5,3,3,2,2,5,1,1,1,3,1,4,1,1,3,3,4,4,1,4
T264,P3,5,2,5,2,4,3,4,1,3,2,4,3,1,1,1,1,4,4,3,3,1,2,4,5,4,1,1,1,2,3,5,1,4,2,5,2,3,1,4,1,5,5,5,3,3,5,3,3,5,4,2,3,5,4,3,2,4,4,2,5,2,2,5,5,1,4
T265,P2,8,4,5,1,2,2,3,4,2,1,4,5,1,2,4,2,3,2,5,2,5,1,2,1,3,1,3,2,4,2,5,2,4,2,4,2,5,5,1,5,2,3,4,4,1,2,5,4,4,4,3,3,3,1,1,1,2,1,3,2,2,1,2,3,3,3
T266,P1,3,5,3,1,1,4,4,3,2,3,1,2,2,1,2,5,4,4,2,2,2,4,3,3,3,4,4,3,5,5,1,5,1,4,5,4,5,1,4,3,4,1,3,4,3,2,1,5,4,3,4,2,1,3,4,4,4,1,3,4,3,4,3,4,5,1
T267,P4,5,4,2,3,3,1,1,5,3,2,3,5,5,4,2,5,5,5,5,3,1,5,4,3,2,1,3,1,2,2,5,5,2,5,1,5,2,4,5,5,5,3,5,3,5,1,3,2,4,2,1,4,4,3,2,3,1,1,3,1,2,4,1,1,5,3
T268,P5,3,2,1,5,3,1,4,5,1,4,2,1,4,4,1,3,4,2,2,5,4,5,4,2,5,5,4,5,2,5,5,5,2,3,5,4,2,5,2,1,3,1,5,2,5,5,4,3,4,3,2,3,3,4,2,3,3,1,3,5,5,4,3,2,1,1
T269,P1,2,4,4,3,4,1,1,5,4,4,1,3,1,3,3,4,4,3,5,2,2,4,4,4,4,3,4,3,3,5,1,4,1,3,5,1,5,3,4,1,4,1,3,4,1,4,4,4,4,2,2,5,1,5,2,2,5,1,5,5,1,5,3,4,2,4
T270,P3,8,2,1,4,2,2,2,3,1,5,4,1,4,3,5,5,2,4,4,3,2,2,4,1,4,4,1,4,1,3,1,1,5,2,2,3,5,3,2,3,4,5,4,1,3,4,3,5,3,4,1,1,1,4,3,1,1,4,1,3,1,4,2,5,5,3
T271,P3,2,1,2,2,5,5,3,4,2,3,4,5,2,5,1,5,4,1,5,4,1,1,2,4,4,5,2,5,1,3,2,2,2,2,1,3,4,3,2,3,2,1,1,5,5,5,5,3,4,4,4,5,5,3,1,4,2,3,3,1,2,1,1,3,2,3
T272,P4,2,1,2,1,3,3,5,2,2,2,1,4,5,1,1,4,3,1,1,2,4,5,5,2,4,3,4,1,1,5,5,5,5,2,2,2,4,1,4,4,3,1,4,4,5,3,3,2,2,1,2,3,5,5,1,2,1,2,3,5,3,1,3,4,2,4
T273,P1,2,2,5,1,4,3,4,4,5,4,1,2,5,1,5,4,4,1,1,2,1,3,2,3,5,2,2,2,3,2,3,2,1,3,3,3,3,3,5,5,4,1,1,3,5,2,4,4,2,5,3,2,3,1,2,4,2,1,5,3,2,4,2,5,3,1
T274,P2,8,2,1,4,3,5,3,4,1,2,1,1,4,4,5,5,4,3,1,2,2,2,4,5,1,3,4,4,4,2,5,3,3,4,4,2,3,1,5,2,5,5,5,4,5,4,4,5,4,2,3,3,4,1,4,4,5,5,5,2,1,3,1,4,4,5
T275,P1,3,1,4,3,1,2,5,1,2,1,2,5,4,3,5,3,5,3,4,3,2,1,1,4,1,3,2,1,4,5,4,1,4,4,5,2,1,3,1,5,2,3,5,3,4,2,4,3,4,1,5,4,4,2,2,4,4,2,1,2,5,4,3,5,2,5
T276,P5,3,1,4,5,4,2,3,3,5,3,5,3,2,1,2,5,2,4,4,2,5,5,3,3,1,3,4,4,5,3,3,1,2,3,3,1,2,2,3,3,5,3,1,5,3,5,1,3,5,5,3,4,1,1,4,5,2,1,4,5,3,2,4,3,3,3
T277,P3,2,2,4,2,4,4,5,1,1,4,2,5,3,3,2,3,3,5,5,4,4,1,2,3,3,2,3,2,3,2,5,2,3,3,5,4,1,2,3,1,2,2,1,3,2,5,4,5,5,3,5,3,4,1,5,1,2,2,3,5,1,5,5,3,2,4
T278,P3,5,1,4,3,5,5,3,2,3,1,1,4,2,2,3,1,2,1,3,3,1,1,5,4,2,3,3,2,4,4,4,2,1,5,5,1,3,5,5,1,4,1,2,3,4,3,3,1,1,2,1,5,2,3,3,2,4,4,2,1,2,1,1,4,4,1
T279,P2,2,2,2,5,4,2,3,2,2,5,5,3,4,1,3,5,1,4,3,1,4,1,1,3,1,5,1,3,2,3,2,3,5,4,3,4,5,4,3,4,1,1,3,5,5,2,3,4,5,3,1,3,5,5,2,4,3,5,2,2,4,5,4,3,1,2
T280,P5,3,3,5,3,5,5,4,4,3,5,2,3,1,5,3,4,1,1,4,5,2,1,3,1,2,2,1,1,1,5,2,4,3,2,3,3,4,4,3,1,5,3,4,1,4,1,5,5,5,2,2,4,5,2,5,1,4,3,5,4,5,3,4,5,3,4
T281,P4,3,4,4,1,1,1,5,2,4,5,3,2,1,3,1,3,5,3,2,3,5,4,4,2,1,4,5,5,5,2,5,2,3,1,3,3,2,1,3,1,1,4,2,5,5,3,1,1,1,1,5,1,4,3,3,4,4,4,5,2,1,1,3,2,3,4
T282,P5,1,2,5,5,4,4,1,3,1,1,5,5,3,4,3,3,3,1,4,3,1,4,4,1,5,3,2,5,4,2,3,1,4,4,5,2,1,5,2,5,2,2,3,3,4,2,2,2,3,5,2,5,5,3,3,4,2,5,3,3,5,2,4,3,1,4
T283,P2,2,4,2,3,3,3,2,2,3,3,3,4,5,5,2,2,5,3,3,4,1,4,4,3,4,2,1,4,2,2,2,4,1,3,2,1,1,5,3,1,3,1,1,4,3,4,3,2,4,5,1,5,3,2,5,2,5,4,1,5,3,4,5,4,2,2
T284,P3,1,5,2,3,4,5,5,5,4,4,4,3,2,3,1,3,2,4,2,3,4,4,1,1,5,4,3,5,5,2,5,2,1,4,1,2,4,4,4,5,1,1,1,5,5,5,4,1,4,4,2,2,1,4,2,3,5,3,1,3,4,1,2,2,1,5
T285,P3,8,3,2,2,5,3,3,1,1,2,2,4,1,1,4,5,5,4,3,1,3,3,5,2,3,2,5,1,4,2,1,2,5,1,1,1,4,3,1,1,2,5,4,3,1,4,1,4,1,3,2,4,1,2,3,2,3,2,2,4,3,2,1,5,2,5
T286,P3,3,3,3,1,4,4,4,4,4,4,4,3,1,3,2,2,4,4,3,4,4,4,3,2,2,2,5,5,1,2,5,2,4,4,3,1,5,1,4,1,3,4,4,3,5,2,2,1,3,4,2,1,3,5,1,2,4,4,1,5,2,3,1,5,1,4
T287,P3,1,3,4,5,3,3,5,1,4,1,3,5,4,5,5,5,2,2,5,2,1,4,4,3,4,2,4,2,2,1,5,4,4,2,3,2,4,5,2,1,3,3,3,3,2,3,5,3,5,5,2,2,3,4,2,4,2,4,5,1,2,1,2,4,1,5
T288,P5,8,1,1,1,3,2,4,1,4,1,3,4,5,5,5,3,4,4,4,2,2,5,3,2,4,4,5,4,1,2,2,5,2,3,5,2,1,1,4,5,4,2,2,3,1,5,4,2,1,2,5,2,5,5,1,1,5,4,2,2,4,2,1,3,3,1
T289,P3,5,4,5,3,5,4,1,1,1,1,2,4,4,1,4,4,1,5,2,3,3,2,3,5,1,3,3,1,3,2,3,3,2,3,4,4,3,2,2,4,5,1,1,3,4,3,1,3,1,5,4,3,1,5,2,4,3,5,3,4,5,5,3,2,5,3
T290,P1,8,4,1,5,5,2,5,5,1,4,3,4,3,4,1,2,4,2,1,2,2,3,4,1,5,1,1,3,5,3,1,2,2,1,4,3,2,3,1,5,4,1,3,3,5,3,4,2,2,5,4,5,2,3,5,4,3,5,4,3,2,2,3,4,2,5
T291,P2,1,1,5,2,4,2,1,2,5,2,5,1,4,4,2,5,4,5,4,2,1,3,1,4,1,1,2,1,2,4,4,5,2,1,2,5,3,2,2,3,2,3,2,3,2,3,4,5,4,4,4,4,3,4,5,2,3,1,3,2,1,5,3,2,3,5
T292,P1,2,5,5,5,4,3,5,5,1,3,2,5,2,1,5,3,3,5,5,3,5,5,5,4,3,1,2,2,4,5,3,3,1,4,5,2,5,2,4,4,4,1,1,5,1,1,3,5,3,2,3,1,4,1,5,1,4,4,5,1,1,3,2,2,2,1
T293,P2,2,3,3,2,1,2,4,3,5,3,3,2,1,2,2,1,2,5,3,5,1,1,4,2,2,4,4,2,2,2,3,1,3,5,3,5,3,2,3,3,5,3,5,5,4,1,3,2,4,5,1,3,5,4,4,2,3,1,2,3,2,3,4,5,1,2
T294,P1,8,4,2,2,2,4,3,1,2,2,5,5,5,1,5,1,1,5,3,3,3,3,3,2,3,3,2,3,4,5,1,5,2,4,2,5,2,4,5,3,5,4,5,5,3,1,4,5,2,4,2,1,4,2,4,3,1,2,1,1,3,2,4,3,4,2
T295,P4,3,1,4,3,1,2,3,1,1,5,2,5,1,3,4,5,4,5,3,1,4,4,4,4,1,4,1,1,1,5,4,4,5,1,3,4,4,3,2,4,1,4,3,1,5,1,5,5,2,5,1,5,3,5,5,2,4,5,1,2,3,4,1,3,2,3
T296,P5,5,4,5,4,4,3,1,4,3,3,5,2,5,3,5,5,4,5,3,4,4,2,5,1,2,4,1,1,2,1,5,2,4,3,5,4,2,5,1,1,5,5,2,3,1,3,5,5,5,2,4,5,2,3,4,4,3,3,1,5,5,3,3,5,5,3
T297,P2,8,4,3,5,2,2,2,2,4,4,3,5,5,5,1,3,5,4,4,3,4,4,5,2,2,5,1,2,4,4,2,4,4,1,5,4,4,5,3,3,2,3,3,4,2,1,4,3,2,1,4,4,5,4,4,2,4,4,4,5,2,1,3,5,5,5
T298,P2,2,2,2,5,2,4,2,5,2,4,1,3,4,5,1,3,4,5,4,5,3,5,5,5,1,5,5,1,5,1,3,2,2,4,1,5,1,5,4,4,3,2,2,4,3,2,1,3,1,4,5,1,5,1,3,2,5,1,2,2,5,4,3,2,5,4
T299,P2,1,3,4,3,5,2,3,4,1,3,4,3,1,2,2,4,1,2,3,2,1,4,4,1,2,4,3,3,5,3,4,3,4,3,2,4,3,4,3,2,3,3,5,3,4,4,1,5,4,3,4,1,1,5,2,5,4,4,1,4,2,5,3,1,2,4
T300,P3,2,4,3,2,1,1,5,3,5,4,3,5,5,5,4,3,4,5,2,2,3,3,5,5,3,1,1,3,1,2,2,4,4,1,2,4,1,5,5,1,3,4,1,5,1,1,2,1,1,5,2,1,4,4,3,2,2,2,3,3,5,1,5,5,2,3