task_id,project_id,story_points,Mathematics.Linear Algebra,Mathematics.Differential Equations,Mathematics.Optimization Technique,Mathematics.Calculus,Mathematics.Combinatorics & Graph,Statistics & Probabilities.Statistics,Statistics & Probabilities.Probability & Sampling,Statistics & Probabilities.Bayessian Method,Statistics & Probabilities.Hypothesis Testing,Statistics & Probabilities.A/B Testing,Statistics & Probabilities.CUPED,Data Structures & Algorithms.Complexity Analysis,Data Structures & Algorithms.Programming,Data Structures & Algorithms.Data Structures,Data Structures & Algorithms.Algorithms,Data Structures & Algorithms.Advanced Algorithms,Data Structures & Algorithms.SQL,Data Structures & Algorithms.Shell / Bash Scripting,"Econometrics, Data Analysis, and Data Visualization.Data Preprocessing & EDA","Econometrics, Data Analysis, and Data Visualization.Data Viz & Storytelling","Econometrics, Data Analysis, and Data Visualization.Econometrics","Econometrics, Data Analysis, and Data Visualization.Regression Analysis","Econometrics, Data Analysis, and Data Visualization.Time Series Analysis","Econometrics, Data Analysis, and Data Visualization.Correlation Analysis","Econometrics, Data Analysis, and Data Visualization.Causal Analysis","Econometrics, Data Analysis, and Data Visualization.Dimensional Reduction (PCA)",Machine Learning.Supervised ML,Machine Learning.Unsupervised ML,Machine Learning.Reinforcemetn Learning,Machine Learning.Feature Engineering,Machine Learning.Ensemble Method,Deep Learning.Neural Network & DL,Deep Learning.NLP,Deep Learning.GAN,Deep Learning.Generative AI,Deep Learning.Computer VIsion,Deep Learning.Audio & Speech Processing,Deep Learning.Transfer Learning,Deep Learning.Sequence Modelling,Deep Learning.Accelerated & Parallel Computing,Deep Learning.Edge Computing,Data & Cloud Engineering.Relational DB,Data & Cloud Engineering.Non Relational DB,Data & Cloud Engineering.Devops & CI/CD,Data & Cloud Engineering.Data Pipeline,Data & Cloud Engineering.Data Collection,Data & Cloud Engineering.Data Wrangling,Data & Cloud Engineering.Batch Processing,Data & Cloud Engineering.Stream Processing,Data & Cloud Engineering.Big Data Tech,Data & Cloud Engineering.Data Warehousing,Data & Cloud Engineering.ORM & REST API,Data & Cloud Engineering.Microservices & Containerization,Data & Cloud Engineering.Cloud Native,Data & Cloud Engineering.Cloud & Serverless Architecture,Data & Cloud Engineering.Data Security & Privacy,Data & Cloud Engineering.Distributed Systems,"Data & Cloud Engineering.Monitoring, Logging, Alerting",MLOPS.ML Lifecycle,MLOPS.ML Model Pipeline,MLOPS.Model Versioning,MLOPS.Automated Testing & Validation,MLOPS.Scalable Model Training,"MLOPS.Model Deployment, Monitoring, Logging",MLOPS.Ethical AI & Bias Mitigation
T1,P5,8,2,1,1,0,1,4,2,3,1,5,2,3,1,3,0,4,0,0,2,2,5,0,3,5,2,2,4,5,2,2,1,2,5,0,5,0,4,1,2,5,1,5,1,1,4,1,1,3,0,2,5,5,4,1,4,5,3,0,2,2,2,2,2,0,0
T2,P1,1,3,2,2,3,2,5,2,3,0,0,2,3,4,4,5,3,0,2,1,0,0,2,3,3,5,1,2,3,1,0,2,1,1,2,3,5,4,5,3,1,0,0,1,3,4,2,1,3,5,4,1,1,5,1,5,4,5,0,1,0,2,0,5,2,5
T3,P5,2,3,5,4,5,5,1,0,5,2,0,1,4,3,2,4,5,2,3,5,5,0,4,2,3,2,2,3,3,3,3,0,4,3,2,3,5,4,3,2,4,5,5,4,5,3,3,5,4,2,5,4,1,4,0,4,5,3,4,4,5,1,4,3,3,3
T4,P1,3,0,3,3,5,4,5,5,2,2,2,2,2,5,3,5,1,3,2,0,5,0,3,3,2,4,0,5,1,5,3,2,4,5,5,1,2,5,1,5,5,2,5,2,5,1,0,3,4,4,2,2,4,1,3,2,2,4,0,1,1,3,5,0,5,0
T5,P2,5,0,2,2,4,4,2,5,0,5,2,2,3,2,0,0,3,3,3,4,0,4,0,3,0,2,5,0,1,5,2,3,5,4,4,4,3,0,0,5,3,2,0,0,4,3,1,4,5,5,1,2,4,2,1,5,2,1,5,4,1,0,4,3,5,4
T6,P2,5,2,0,4,1,0,5,5,1,0,4,5,1,2,5,5,1,4,2,2,4,5,2,3,4,3,3,1,1,3,2,3,5,2,2,3,0,4,4,2,0,0,0,5,4,5,0,1,1,5,3,0,1,4,4,5,5,2,5,1,1,0,3,5,1,3
T7,P5,5,5,5,3,4,1,1,3,0,0,3,2,3,3,1,4,4,3,4,0,0,2,1,5,2,5,0,0,1,0,5,3,3,3,3,3,5,0,0,2,4,4,5,2,4,3,1,1,3,3,0,1,5,2,3,5,2,3,1,4,4,5,3,2,0,1
T8,P5,2,4,3,1,0,2,5,3,5,1,4,1,5,3,4,4,2,0,3,0,5,3,1,2,3,5,3,2,3,2,4,1,1,4,3,5,4,0,1,5,2,1,1,4,1,3,3,0,5,2,4,0,4,1,0,4,5,1,2,1,1,2,2,1,3,4
T9,P2,5,3,2,3,0,2,5,1,0,5,4,4,4,2,5,3,4,5,5,1,2,2,5,0,4,2,5,1,0,1,2,1,2,3,2,1,4,0,1,2,2,2,2,5,0,5,1,5,1,1,3,2,0,4,2,3,5,3,0,3,4,2,4,2,1,5
T10,P3,1,5,0,1,2,0,5,5,2,5,4,4,5,2,4,1,5,4,0,5,3,1,2,1,2,3,0,2,0,1,3,3,4,0,0,1,4,2,0,3,1,0,0,2,1,2,2,1,1,3,0,3,2,2,5,4,4,1,3,0,1,2,2,3,2,2
T11,P2,8,3,0,1,1,3,3,2,4,0,0,5,1,3,2,3,1,5,5,5,4,3,3,2,0,5,0,3,4,1,4,5,0,2,5,1,4,4,5,4,4,1,4,2,2,0,3,5,2,3,0,1,3,4,2,4,5,0,2,4,2,1,0,3,3,1
T12,P5,8,2,5,2,5,0,4,4,0,1,3,5,2,0,5,2,3,1,2,1,4,0,1,1,0,1,1,4,0,3,4,4,4,3,2,2,3,3,0,0,3,2,4,0,4,4,4,0,1,2,3,5,0,2,4,4,3,0,1,4,0,3,2,4,5,4
T13,P5,8,3,2,5,1,2,0,4,2,4,2,3,0,2,3,0,4,3,3,5,2,1,2,3,3,3,3,4,3,0,1,0,2,2,4,4,5,4,2,3,3,3,4,3,2,5,2,3,4,5,4,2,5,1,5,1,4,5,0,4,0,2,3,3,1,4
T14,P1,1,1,3,5,1,0,1,3,2,1,3,5,2,0,2,1,5,5,5,5,4,5,2,2,1,5,0,1,5,5,2,1,1,1,0,1,5,4,1,2,5,5,4,3,5,1,2,3,4,4,2,0,2,1,3,5,0,0,2,4,2,2,4,3,4,2
T15,P4,2,3,4,4,2,3,3,0,1,1,1,0,2,5,5,3,2,0,3,3,3,1,2,0,0,1,1,4,5,0,2,0,0,1,2,3,0,2,5,5,2,1,4,3,0,5,4,3,3,5,0,0,1,3,5,5,0,0,5,5,2,1,2,5,5,3
T16,P5,3,5,4,0,0,4,3,4,4,2,3,0,2,0,1,2,4,1,4,2,0,5,3,2,0,1,2,3,4,3,1,4,4,1,0,4,4,2,3,2,1,0,0,2,1,4,3,5,3,0,3,1,5,5,3,5,3,4,2,4,1,4,5,1,4,5
T17,P5,8,5,3,2,3,1,1,4,4,4,2,3,2,4,2,0,2,0,4,1,3,2,0,2,4,5,5,3,1,5,0,3,4,4,0,1,5,3,3,4,4,4,5,5,0,5,5,2,1,0,5,5,4,4,1,1,1,5,3,2,5,5,4,0,1,0
T18,P5,2,1,1,2,2,0,0,1,5,2,5,1,5,2,0,3,1,0,0,3,5,0,5,4,3,3,3,3,1,5,1,1,4,2,0,0,3,2,0,1,3,1,0,5,5,3,5,3,2,3,0,5,1,4,4,2,0,4,3,1,0,1,3,1,3,1
T19,P2,2,3,0,0,0,3,5,4,0,5,2,5,3,4,0,5,4,1,0,1,2,0,0,2,2,0,4,3,3,4,1,1,2,1,4,2,1,2,3,4,0,3,2,2,3,1,0,3,3,3,4,0,5,3,3,1,3,5,2,2,0,3,1,3,2,5
T20,P4,3,0,1,3,3,3,3,0,1,0,5,5,2,1,5,4,3,3,0,4,5,2,1,2,3,0,1,4,0,2,3,1,4,1,5,5,4,2,0,5,0,1,3,3,1,3,2,1,5,5,1,5,2,1,5,5,1,4,2,5,3,2,0,5,4,5
T21,P1,8,1,2,5,2,5,3,4,2,4,4,5,4,2,0,1,3,3,5,1,4,1,2,1,0,4,1,0,3,5,2,4,4,2,4,0,0,5,2,1,5,2,4,5,1,1,0,5,3,2,3,5,0,1,5,2,0,3,0,1,2,3,3,4,3,3
T22,P5,1,4,0,5,1,5,5,4,5,1,5,0,0,2,5,4,2,4,3,5,5,4,4,4,0,2,1,5,0,0,3,4,1,5,1,1,0,2,3,4,0,4,3,2,1,1,5,5,1,0,2,3,0,3,0,2,5,1,0,3,5,2,1,2,4,2
T23,P3,1,3,3,2,4,2,2,0,3,3,5,1,5,5,2,1,0,4,4,4,4,2,2,4,5,1,2,2,5,2,4,0,2,3,4,2,5,4,3,3,4,0,1,2,1,2,2,5,5,5,2,3,1,1,3,5,3,4,0,3,3,1,5,5,0,1
T24,P3,2,3,2,1,2,3,0,4,5,1,0,3,2,1,5,2,3,5,3,3,5,4,0,1,0,5,5,1,5,3,4,3,4,2,0,4,5,1,4,3,5,0,1,5,5,5,0,2,1,2,3,4,1,5,1,1,1,0,0,0,4,0,4,5,0,0
T25,P3,5,4,2,1,1,5,5,5,2,0,3,3,4,4,5,0,0,3,1,0,0,2,4,5,5,4,4,5,5,0,3,2,2,5,2,1,5,3,5,0,4,0,0,4,3,2,3,5,0,1,2,5,1,5,4,2,4,0,0,3,1,2,2,2,2,1
T26,P1,5,4,4,4,1,4,5,4,1,3,0,4,1,5,2,2,2,5,5,5,3,1,5,2,3,3,0,5,5,1,5,1,5,0,2,5,0,1,4,3,2,3,5,2,1,3,5,4,1,3,0,2,0,0,1,1,1,4,2,0,5,0,0,4,5,5
T27,P5,2,5,5,0,3,1,3,2,3,2,3,2,5,2,0,2,0,4,0,4,2,3,2,4,3,0,2,3,1,4,5,5,5,0,1,3,0,1,5,0,0,2,4,2,1,2,1,5,1,3,2,3,1,2,2,3,0,3,4,3,2,3,0,2,0,2
T28,P2,5,3,3,5,4,0,3,2,2,1,3,5,3,5,0,3,0,1,0,1,4,5,1,5,1,1,0,4,2,4,3,3,4,2,0,5,5,0,2,5,5,4,1,0,0,2,1,0,0,2,5,1,4,2,2,5,2,1,2,5,4,4,3,4,4,3
T29,P1,3,3,5,5,1,3,3,5,0,1,1,3,1,0,3,3,5,0,1,1,1,0,1,3,4,5,5,3,4,1,4,4,4,0,1,4,1,1,3,4,0,1,2,3,1,3,5,4,4,1,3,0,1,4,1,4,5,1,5,2,4,5,1,4,0,0
T30,P1,8,4,2,4,3,2,2,5,3,1,4,0,0,3,2,3,4,5,3,4,3,2,2,1,0,4,1,2,1,1,3,0,5,5,0,2,4,5,1,3,0,5,3,0,0,0,4,5,4,5,1,5,2,2,1,4,1,3,5,5,5,1,2,5,1,3
T31,P5,1,3,1,0,2,1,0,4,3,5,3,3,2,5,5,5,1,5,0,0,4,1,5,1,0,3,5,5,1,4,0,1,3,3,4,1,5,4,0,5,5,5,0,1,5,2,1,4,1,1,4,3,4,1,4,2,4,4,2,2,3,3,0,0,2,3
T32,P2,5,4,3,4,3,1,3,3,0,3,4,4,4,4,4,2,4,3,1,1,5,1,5,5,1,0,2,4,2,1,0,0,2,3,0,2,2,1,2,2,4,2,3,2,3,5,0,4,3,2,2,3,3,3,2,2,4,5,1,4,5,1,4,4,5,2
T33,P2,3,1,4,5,3,0,4,2,0,3,5,1,4,5,0,1,4,1,4,0,2,2,5,0,1,0,3,0,0,2,2,2,3,2,5,2,3,2,4,2,1,5,1,5,0,3,3,5,5,3,1,0,1,0,0,1,5,3,3,1,4,1,0,5,0,2
T34,P3,2,5,3,4,2,5,3,1,2,4,2,0,2,5,1,0,1,0,0,5,5,1,5,2,1,5,4,4,5,2,0,3,5,1,4,0,0,4,4,0,1,4,1,4,0,4,3,1,1,4,4,2,5,4,4,1,0,2,5,4,4,5,4,4,5,2
T35,P4,3,2,3,1,4,0,3,1,5,1,5,3,1,5,2,1,4,1,3,3,5,3,3,5,1,5,1,2,3,5,1,1,0,5,1,1,5,1,1,3,4,5,1,4,0,5,0,3,1,2,2,5,3,3,4,0,2,4,0,1,4,1,2,5,5,5
T36,P1,8,3,3,4,4,4,2,4,5,1,3,5,2,0,4,1,5,2,1,2,3,3,1,1,5,4,1,5,0,2,0,4,4,5,1,1,1,1,5,2,2,1,1,1,3,3,5,2,3,1,1,1,5,3,2,4,3,4,1,3,4,3,3,4,5,2
T37,P4,1,1,3,3,0,5,2,4,3,5,0,5,4,3,5,2,1,1,3,2,1,2,2,5,0,2,3,5,2,0,4,5,1,1,0,5,2,1,3,4,3,0,4,4,5,4,2,0,4,1,0,0,5,3,5,4,3,1,0,5,5,2,4,3,3,5
T38,P1,1,0,1,0,3,0,4,0,1,0,3,0,5,1,1,1,2,1,4,3,5,0,4,3,5,3,1,2,3,2,4,5,3,2,1,1,5,1,1,4,2,2,5,0,4,2,5,4,2,0,4,0,4,0,5,4,4,2,3,5,0,2,1,4,2,5
T39,P4,8,3,0,1,0,5,5,0,0,0,5,0,4,4,5,5,0,0,1,4,2,2,3,2,4,0,1,5,1,5,1,0,5,0,2,5,3,4,1,4,2,3,0,2,3,5,1,3,2,2,3,4,5,2,0,5,1,4,0,2,4,5,2,3,2,2
T40,P1,2,1,5,3,2,3,2,0,3,4,2,2,2,4,1,5,3,4,3,4,2,0,5,4,4,1,2,2,1,0,0,4,4,5,0,3,5,3,4,2,4,4,1,5,2,0,5,4,5,5,1,4,0,4,0,5,5,1,5,1,5,2,1,4,4,2
T41,P1,2,3,1,0,2,4,1,4,0,2,1,0,2,3,1,0,2,5,1,4,5,4,0,4,4,0,0,5,4,4,5,3,3,0,5,5,0,1,0,1,2,2,3,3,2,5,1,4,0,5,1,1,4,4,0,2,3,4,4,0,1,4,0,5,1,2
T42,P5,3,0,3,0,3,4,0,1,5,0,1,4,0,5,3,0,2,1,5,4,5,0,4,4,3,3,0,1,4,0,1,3,3,5,2,1,0,0,5,5,4,3,0,2,4,4,3,1,0,2,1,0,4,4,0,4,3,2,0,4,3,2,1,0,3,1
T43,P4,3,2,1,1,3,2,2,2,5,1,4,3,5,5,2,0,5,0,3,5,2,2,3,0,2,0,4,4,1,2,4,1,1,4,0,4,1,5,2,0,4,1,5,0,2,4,2,1,5,0,5,5,3,1,2,2,3,2,2,0,4,2,4,5,2,5
T44,P2,1,3,5,4,5,1,0,2,5,0,5,4,1,5,0,1,1,1,0,0,5,2,3,3,5,5,3,3,5,3,4,2,2,2,2,3,5,2,0,5,1,4,4,4,4,3,2,4,3,2,5,0,0,1,0,0,1,0,4,0,4,4,2,1,0,2
T45,P5,1,4,5,2,0,1,3,5,0,4,1,3,1,5,0,0,5,1,4,5,0,1,0,0,5,0,2,3,0,2,4,2,3,1,4,1,2,3,4,5,2,3,0,2,3,2,2,5,2,0,2,1,3,3,0,5,4,0,3,1,5,5,3,3,1,0
T46,P2,3,4,1,4,1,3,4,1,0,2,2,4,2,5,0,5,3,5,3,2,1,3,1,1,5,4,3,1,2,4,4,1,4,1,3,4,5,0,4,3,2,5,0,0,2,0,5,5,2,3,0,5,1,4,0,4,2,5,4,0,5,5,4,0,1,1
T47,P2,2,4,4,3,5,4,5,0,5,1,3,4,4,5,4,5,5,3,4,0,4,2,4,2,3,4,0,3,2,2,4,0,0,3,2,1,5,5,1,5,0,5,0,4,5,0,1,5,0,0,2,4,1,1,3,4,4,4,2,3,5,0,3,0,0,3
T48,P3,5,3,1,3,0,2,5,4,5,1,1,4,3,0,5,5,2,0,2,4,3,1,1,1,4,0,2,1,2,5,4,3,5,4,4,4,2,4,0,3,3,1,3,3,2,5,1,1,5,1,3,0,0,4,3,4,3,1,5,0,1,5,4,3,5,3
T49,P2,1,3,5,3,4,2,0,1,1,1,3,1,2,4,2,2,3,5,1,3,4,4,3,1,1,1,3,0,1,2,0,5,1,5,3,5,4,2,5,0,4,4,4,0,4,5,5,3,1,4,2,5,1,4,4,3,0,4,2,5,5,3,0,0,0,5
T50,P5,5,3,0,1,1,5,3,1,4,0,3,0,5,5,4,4,4,1,5,0,0,3,2,4,5,4,3,3,1,0,1,2,1,1,1,1,5,1,2,3,4,1,0,2,3,3,1,4,5,3,2,5,2,1,0,0,4,0,2,1,4,1,4,2,2,5
T51,P5,5,3,3,4,5,2,3,4,5,5,5,0,1,3,5,4,4,0,4,0,1,4,4,1,1,2,1,3,2,3,1,1,4,5,3,0,1,1,1,2,4,5,3,3,0,5,2,1,4,2,0,1,3,2,3,0,1,1,5,0,5,4,2,2,3,1
T52,P5,5,4,0,5,0,1,2,2,3,0,4,3,2,5,5,5,2,1,5,5,1,0,5,3,4,0,5,2,2,5,3,5,1,0,2,1,0,0,4,1,5,2,0,2,1,0,5,1,0,1,4,5,4,4,0,3,2,5,0,5,1,4,5,2,4,2
T53,P3,2,0,5,3,3,1,3,2,2,5,3,2,5,0,0,3,1,3,0,1,3,4,1,2,0,1,5,4,0,0,0,1,2,3,3,5,0,2,0,2,5,2,4,1,4,5,5,0,5,2,3,1,3,5,1,1,2,0,3,0,0,0,2,5,2,0
T54,P1,3,4,0,2,5,1,2,1,1,1,4,2,0,3,4,1,3,3,4,5,1,4,5,1,3,3,5,5,2,3,0,1,5,4,0,5,3,5,3,2,1,1,2,0,0,4,3,2,0,1,3,1,3,0,1,2,5,0,5,2,4,1,3,0,1,4
T55,P1,2,3,3,4,0,3,0,0,0,5,2,4,4,2,4,4,4,5,0,3,5,3,3,5,2,1,2,1,0,1,1,2,4,0,3,3,1,3,0,2,2,0,0,3,0,4,0,1,3,1,4,4,5,4,3,0,3,0,0,1,4,5,5,4,1,3
T56,P4,8,2,2,3,0,1,2,1,1,3,4,5,1,1,3,2,4,4,5,2,0,3,3,4,5,3,2,3,2,3,4,0,5,2,3,4,3,5,4,5,2,5,5,5,0,2,2,2,5,1,5,3,4,1,0,4,2,4,0,3,3,1,1,4,0,0
T57,P4,5,5,0,4,2,3,4,1,3,0,2,1,3,2,2,4,1,1,3,3,2,1,2,1,4,2,4,3,5,4,2,0,3,0,1,0,2,1,3,4,1,5,0,5,4,3,0,5,5,0,0,1,0,0,3,0,3,2,3,0,1,5,3,5,4,2
T58,P3,8,4,1,4,3,2,1,4,4,4,3,5,4,5,0,3,4,3,4,1,5,0,1,0,2,0,3,2,4,0,2,4,3,2,4,4,2,3,0,2,4,3,4,1,2,2,1,5,4,3,3,4,5,5,4,1,2,5,1,5,1,1,1,4,3,4
T59,P3,2,2,2,2,4,1,0,4,2,1,2,2,0,5,2,2,3,3,3,1,4,3,4,0,0,0,3,0,4,1,5,0,0,4,3,2,2,2,5,0,2,1,0,1,1,4,3,3,4,4,1,4,5,3,4,0,0,2,4,4,4,5,4,1,0,5
T60,P5,1,1,3,2,2,5,3,4,3,0,4,5,2,3,2,1,5,2,0,2,4,4,3,4,0,3,1,4,0,1,3,4,1,1,0,0,1,0,1,0,0,2,4,0,5,1,5,5,2,5,4,4,0,4,4,5,3,2,0,3,2,4,0,2,1,0
T61,P4,5,2,1,4,0,1,5,5,4,5,2,2,4,2,3,2,3,0,2,3,1,4,0,2,3,0,3,2,3,3,0,3,0,5,5,0,5,4,1,4,5,5,4,3,2,3,0,2,0,2,3,2,1,5,5,1,5,4,5,3,0,0,4,3,0,0
T62,P2,3,3,0,0,2,4,0,5,4,4,1,5,2,3,4,1,5,3,4,4,1,2,2,3,0,3,5,4,3,3,1,0,2,2,0,0,0,5,1,3,0,2,4,2,5,0,3,5,1,1,4,5,0,2,3,2,0,0,5,4,5,1,3,0,5,2
T63,P2,3,4,2,3,2,1,3,5,1,4,4,1,2,0,1,2,0,1,1,0,0,5,0,3,5,2,1,0,3,2,3,4,0,5,5,0,5,1,2,5,1,0,0,1,3,2,2,4,0,1,3,5,0,1,3,0,0,0,4,3,5,5,0,1,0,0
T64,P5,8,1,1,0,4,3,2,1,3,4,5,0,4,5,4,3,3,4,5,5,4,5,3,5,5,2,2,3,5,2,2,1,4,3,3,5,5,4,0,3,5,5,0,4,5,5,0,2,2,5,1,3,5,4,0,2,4,5,1,5,4,5,4,2,2,4
T65,P5,2,1,0,2,1,0,1,2,1,4,4,3,1,5,3,2,3,5,1,1,1,2,5,2,2,3,5,1,1,4,0,0,5,5,3,1,4,2,1,5,2,0,0,5,5,5,5,3,3,2,4,5,2,1,2,0,3,0,0,2,3,5,5,3,4,0
T66,P1,2,1,0,4,1,5,4,4,0,0,2,5,0,4,5,5,5,4,4,5,4,1,0,3,4,3,3,0,5,4,4,2,2,3,0,5,0,2,0,3,5,1,3,3,4,5,3,2,4,1,5,1,3,5,5,3,5,2,2,3,1,3,5,5,5,1
T67,P2,8,1,3,5,5,5,2,1,4,5,0,5,1,0,1,3,5,4,2,4,4,2,0,0,1,4,0,1,1,0,1,0,1,3,5,5,3,0,1,5,1,3,5,5,3,1,3,2,5,5,1,1,5,0,0,0,5,5,4,0,0,0,3,1,0,3
T68,P3,8,0,4,3,5,5,1,5,0,4,1,3,0,4,4,4,2,0,2,4,4,2,2,5,0,0,3,5,2,5,2,4,0,3,0,0,5,0,3,3,1,2,2,5,2,2,0,2,5,3,3,1,5,5,4,2,4,0,0,4,0,4,5,3,1,5
T69,P2,1,5,5,4,5,1,0,0,3,2,4,4,1,3,0,5,0,4,0,2,1,5,1,4,2,0,4,0,0,3,0,2,3,1,2,3,2,5,4,4,4,1,2,0,1,3,5,4,4,5,5,1,1,0,0,1,4,0,0,0,5,2,5,3,0,3
T70,P4,1,0,2,5,3,5,0,1,2,1,2,4,4,2,5,0,3,4,0,3,4,3,2,1,3,0,1,5,2,2,1,4,3,0,1,0,4,3,2,3,4,1,2,2,0,0,3,1,5,1,1,3,5,3,2,1,5,1,3,5,4,2,4,3,5,5
T71,P5,3,1,3,0,5,5,3,1,5,4,5,1,5,0,3,3,3,5,4,4,0,4,4,4,4,3,1,5,4,5,2,4,1,4,1,1,0,2,0,4,3,1,0,0,0,1,5,5,0,1,2,5,0,3,5,5,1,1,1,1,2,0,3,5,2,1
T72,P5,8,0,4,4,1,4,2,1,0,5,2,3,3,2,5,5,2,0,1,2,2,0,1,4,5,4,2,0,2,2,4,4,3,1,4,3,1,4,0,1,2,3,3,0,2,5,1,5,2,4,5,1,2,3,1,5,0,0,0,5,0,4,2,2,3,1
T73,P3,5,3,4,1,4,3,3,4,4,1,3,5,4,5,5,4,1,5,2,1,2,4,3,3,0,5,2,1,5,2,2,2,3,5,3,3,2,4,0,0,3,1,3,5,2,2,2,1,3,1,2,3,3,5,1,0,0,1,5,4,2,5,4,1,3,1
T74,P1,1,3,2,5,3,1,3,3,5,5,4,0,1,1,3,1,5,2,0,5,1,1,5,1,2,1,4,4,5,4,4,0,2,2,4,2,4,2,4,4,0,0,2,3,4,0,0,5,2,0,4,3,0,1,3,2,2,2,5,5,3,1,2,3,2,3
T75,P1,3,0,4,0,0,1,2,4,3,2,0,1,1,1,2,5,0,5,3,5,1,4,3,0,2,0,2,0,5,2,3,5,3,3,5,3,4,3,2,5,3,2,5,1,4,5,3,5,2,3,1,5,3,5,3,2,3,1,3,3,1,0,2,1,2,2
T76,P2,5,2,3,4,4,5,4,4,3,1,3,0,1,2,0,2,5,2,0,1,0,1,1,5,4,1,0,3,2,2,2,4,2,2,0,1,4,2,1,5,1,2,4,5,0,5,1,2,0,1,2,5,4,4,1,2,0,3,4,1,4,1,0,4,2,5
T77,P5,2,5,3,5,3,1,5,2,4,2,2,3,4,3,4,1,1,3,1,4,4,2,4,1,0,2,3,4,1,2,5,3,5,5,5,4,5,2,3,4,0,3,3,4,5,0,1,2,1,0,3,2,4,0,4,4,2,2,1,5,5,3,2,5,0,0
T78,P5,5,3,2,2,4,4,4,0,0,3,3,2,4,1,0,1,0,4,1,1,0,0,5,1,1,1,0,5,2,3,1,1,0,1,1,1,3,1,5,5,3,3,5,0,2,1,4,0,2,0,4,3,3,4,2,2,2,4,2,1,2,3,0,0,5,0
T79,P2,5,0,3,3,0,1,2,2,5,3,5,3,0,2,3,3,5,5,3,1,0,4,2,2,5,2,4,0,0,5,3,0,4,0,1,3,1,2,0,2,0,2,1,4,3,3,0,4,5,3,4,3,5,5,4,0,2,3,1,1,2,3,4,1,1,3
T80,P3,3,0,1,5,5,2,5,4,4,0,0,0,4,1,0,5,0,2,1,2,4,5,1,5,5,1,1,2,1,3,0,3,1,0,5,5,5,5,3,0,0,2,5,1,1,2,5,2,5,4,5,4,5,2,3,4,2,3,0,0,0,4,3,2,2,4
T81,P4,5,1,5,5,3,3,2,3,1,4,0,4,1,0,3,5,0,0,1,0,1,5,3,5,2,1,1,3,2,0,1,4,3,5,5,2,4,3,3,4,4,5,3,0,0,1,5,1,5,5,4,3,4,5,5,1,4,3,1,0,3,0,4,0,2,5
T82,P4,5,3,4,3,2,4,4,5,4,1,5,5,0,0,0,4,1,5,1,4,5,5,5,5,0,2,2,3,2,3,4,3,5,4,1,0,4,5,0,5,1,1,3,4,3,4,0,5,4,4,4,3,5,5,4,4,4,4,4,5,2,2,3,5,4,2
T83,P5,8,5,2,1,0,4,1,4,0,3,2,2,5,3,5,1,5,1,5,3,3,0,4,0,3,2,5,4,5,5,4,3,5,0,0,2,0,4,5,4,1,4,1,5,3,5,4,0,0,1,3,5,1,1,4,2,5,1,3,1,0,0,4,1,4,1
T84,P4,3,1,0,2,2,1,5,4,3,3,0,3,0,5,4,4,3,1,5,2,5,1,1,1,0,1,0,0,1,2,4,5,5,3,5,5,1,0,1,0,0,1,1,2,0,3,1,4,4,5,3,1,0,3,0,5,3,4,0,3,4,1,0,2,0,3
T85,P4,2,1,3,2,1,2,4,3,1,1,1,1,3,2,4,5,5,1,5,3,3,5,1,5,2,0,4,2,0,2,2,0,3,5,0,4,0,3,0,1,3,0,4,1,5,1,0,2,4,3,1,3,3,0,1,3,3,4,5,3,2,3,1,2,1,0
T86,P4,5,2,4,1,4,3,1,5,0,4,5,2,2,0,2,5,2,2,3,5,4,4,0,4,3,5,0,4,2,2,0,4,1,4,1,1,0,2,0,4,3,0,1,4,4,1,3,0,2,1,4,2,4,3,3,4,5,2,5,1,5,1,2,1,5,5
T87,P1,8,3,4,4,5,3,4,2,4,0,2,1,1,3,5,5,4,0,1,0,2,3,2,2,3,5,1,4,4,1,1,0,5,1,4,4,3,3,0,0,0,1,0,1,2,1,2,3,4,3,2,5,3,3,3,4,2,4,4,0,5,1,4,1,4,0
T88,P2,3,1,5,1,1,5,2,0,5,5,2,1,2,4,4,5,5,5,4,5,5,0,3,3,2,5,4,2,3,5,0,1,2,0,4,1,4,1,0,1,5,2,2,1,1,5,5,5,4,1,0,3,4,5,3,4,0,4,5,0,4,2,3,5,4,2
T89,P3,2,1,5,3,5,3,0,2,3,3,1,5,3,3,4,3,3,0,3,0,5,4,0,3,5,2,2,4,2,5,1,0,0,3,1,5,4,2,3,3,3,2,2,2,3,4,3,2,4,4,5,3,5,1,4,0,2,1,3,1,3,4,1,0,5,2
T90,P5,1,0,5,1,0,0,0,1,3,0,5,1,3,1,0,2,3,2,0,4,5,1,0,2,3,3,2,2,4,4,2,5,1,3,2,5,3,5,2,0,2,0,0,1,4,0,4,5,4,5,2,0,3,4,5,4,1,4,0,0,4,4,3,1,4,0
T91,P2,8,3,1,4,5,1,5,5,0,5,1,4,0,3,5,1,5,0,0,5,1,3,3,3,4,5,4,5,1,4,0,4,5,0,5,1,5,3,1,1,5,0,0,1,4,4,3,0,5,4,0,3,3,1,5,5,1,1,1,4,3,5,2,4,3,0
T92,P3,8,2,3,3,5,4,5,5,2,5,1,0,2,5,1,0,3,1,1,2,0,2,2,5,3,5,5,5,3,4,5,0,4,4,4,4,1,3,2,3,5,5,4,4,3,0,2,3,4,3,5,2,1,4,0,1,4,3,3,2,1,5,1,2,1,1
T93,P3,8,2,3,4,3,4,3,5,0,5,4,2,5,5,0,2,4,4,2,1,2,0,3,0,2,0,0,5,1,0,0,0,1,3,4,5,2,4,0,1,2,4,2,0,3,2,0,0,3,4,0,4,5,2,1,4,4,5,5,4,1,2,4,3,0,1
T94,P4,3,5,2,1,5,1,0,0,0,3,2,0,5,4,0,0,5,3,3,5,1,0,4,4,1,3,1,0,2,1,5,0,0,2,5,1,5,5,1,3,2,2,4,4,4,1,4,1,5,5,5,0,1,1,0,2,0,5,5,4,0,1,0,4,0,1
T95,P4,2,0,5,0,1,3,5,5,3,1,2,2,5,2,1,0,2,3,2,3,5,0,0,5,1,1,3,2,4,0,1,4,0,1,5,1,2,1,2,5,3,2,3,0,1,1,4,0,5,2,4,4,2,3,0,2,4,1,2,4,1,5,5,3,4,4
T96,P4,3,2,2,5,2,1,1,1,2,4,4,4,2,2,0,0,4,2,2,0,5,5,2,3,4,3,0,4,3,3,5,1,2,5,1,3,1,1,5,4,4,4,1,2,4,0,5,0,0,5,1,1,4,3,3,2,5,3,4,3,5,0,5,0,2,2
T97,P3,8,4,3,4,2,4,4,3,0,5,1,1,5,5,3,0,0,0,4,0,2,1,2,3,0,0,2,4,0,4,5,3,1,5,0,5,3,5,2,1,1,5,0,2,5,2,5,1,5,3,2,2,1,2,2,4,1,5,4,1,1,1,0,4,4,1
T98,P4,1,5,3,2,5,4,1,3,1,3,4,5,1,2,4,5,2,5,4,0,4,3,1,1,4,2,4,2,1,3,2,2,5,0,5,4,0,2,2,2,1,5,4,4,5,5,1,5,2,0,5,4,5,3,1,2,1,5,4,4,3,4,5,0,1,3
T99,P4,1,1,3,5,3,5,3,4,1,3,1,0,5,0,0,1,2,2,0,1,1,5,2,4,0,5,3,2,0,1,3,2,1,1,2,4,1,0,1,4,2,2,3,3,4,5,3,3,5,5,2,2,4,1,3,4,5,3,5,0,4,2,2,0,3,5
T100,P3,3,1,4,0,4,5,5,3,3,4,5,5,4,1,4,1,0,0,5,4,0,4,2,5,4,3,0,0,1,2,3,0,1,1,1,3,5,0,1,0,1,3,5,5,5,5,4,5,4,2,3,2,3,5,1,2,5,2,5,3,1,3,4,4,4,0
T101,P4,8,5,3,5,2,3,2,4,0,5,0,3,3,2,4,3,3,1,1,4,5,1,3,1,0,4,4,0,1,0,2,5,4,5,4,5,3,1,4,3,3,1,0,4,0,1,0,0,0,0,4,5,4,1,4,1,2,1,4,2,1,0,3,0,4,0
T102,P4,5,3,4,0,5,1,4,0,5,4,0,3,4,3,4,4,0,5,3,3,4,0,2,0,4,2,2,4,1,4,3,5,5,3,3,1,5,5,2,4,5,4,5,4,1,1,5,1,5,5,1,5,1,2,5,1,1,2,2,1,2,0,0,5,5,4
T103,P3,2,1,0,1,1,2,2,3,1,5,2,5,3,0,2,5,3,5,1,5,3,0,2,4,0,3,0,2,2,4,3,0,1,3,0,1,0,1,5,2,3,1,5,2,0,1,5,3,3,5,3,5,3,5,2,3,1,3,0,5,2,3,5,5,2,1
T104,P2,5,0,1,4,0,2,4,5,2,4,5,1,2,0,2,0,3,3,3,2,4,4,2,5,2,0,0,0,1,2,2,4,2,0,2,5,3,3,4,5,5,4,0,1,2,2,0,1,4,1,3,2,2,5,1,2,3,2,4,2,4,2,5,0,0,4
T105,P1,2,1,0,2,0,4,1,2,5,0,2,0,1,3,1,3,2,1,1,1,2,3,3,5,1,0,1,5,0,5,5,5,1,2,5,1,2,0,3,4,1,5,4,0,3,1,1,2,4,2,5,5,0,2,4,3,5,4,0,3,5,2,2,4,3,3
T106,P4,2,5,1,4,0,2,2,3,5,4,4,3,1,2,2,1,3,5,5,3,4,2,2,1,1,5,5,5,4,2,4,3,2,2,1,2,4,1,5,1,5,1,0,1,1,4,3,1,5,1,4,3,3,1,5,2,3,5,5,1,0,4,3,0,0,2
T107,P1,3,1,1,0,0,4,0,4,4,3,2,0,1,2,1,5,0,3,3,5,5,0,5,0,5,3,0,0,3,2,3,4,3,4,3,4,5,3,1,5,5,3,3,5,5,0,1,4,3,1,1,1,3,3,4,5,5,4,5,1,2,2,0,2,1,3
T108,P2,1,5,5,1,1,3,1,5,0,5,1,3,4,0,3,0,2,3,1,5,5,1,1,2,3,3,1,3,4,3,2,1,1,1,4,3,5,4,4,0,0,3,2,3,1,4,2,3,3,3,1,2,2,3,5,3,5,0,4,3,2,2,5,0,3,0
T109,P2,1,0,5,0,5,4,3,1,4,0,0,2,3,4,4,5,1,2,2,5,2,4,2,0,3,5,1,3,5,4,2,1,4,1,5,5,2,2,4,2,1,4,2,1,4,4,5,1,3,0,2,3,0,5,1,2,1,2,5,5,3,1,1,0,5,0
T110,P5,5,1,4,2,3,2,5,3,5,4,1,1,5,0,5,2,0,5,0,5,0,3,0,1,0,1,0,5,2,4,5,2,0,1,0,4,1,0,0,1,1,2,0,5,1,0,2,3,2,5,0,3,0,4,3,1,4,4,2,1,3,3,4,0,1,2
T111,P5,3,2,5,5,4,2,1,3,0,4,3,4,1,2,2,0,0,0,2,1,3,3,3,5,2,0,1,2,0,1,5,3,2,1,3,1,2,5,5,3,4,0,1,0,5,1,3,4,0,2,0,4,2,4,3,5,1,5,2,2,2,0,2,3,3,2
T112,P1,1,4,2,2,4,2,0,4,1,2,4,2,4,3,2,2,3,4,3,5,3,0,3,2,0,0,4,2,5,3,0,2,0,0,1,5,5,2,1,0,3,0,4,3,2,4,2,0,2,2,3,0,1,1,2,5,2,2,5,3,2,4,5,2,3,1
T113,P3,2,3,4,2,3,4,1,1,4,3,3,2,2,1,0,3,3,3,1,0,3,4,3,4,0,4,0,5,5,4,2,1,0,4,0,4,2,4,1,3,4,2,0,5,5,5,1,0,3,3,5,4,4,1,2,3,2,4,4,3,3,1,5,3,2,3
T114,P2,2,2,2,4,3,3,3,2,3,2,2,0,4,4,4,5,2,2,0,0,3,0,3,2,2,3,4,1,2,5,4,2,3,4,3,5,2,2,4,5,1,0,4,5,5,4,5,2,2,1,2,5,4,0,3,1,5,1,1,5,2,3,2,0,0,3
T115,P3,2,4,1,4,1,0,5,2,2,4,5,1,4,4,2,1,2,2,1,5,5,1,5,5,3,0,5,4,0,3,4,1,3,4,5,5,2,3,3,4,2,3,4,5,3,0,0,3,4,3,1,1,2,4,1,3,1,4,5,3,5,2,1,4,5,2
T116,P3,8,3,5,5,0,1,0,4,5,2,1,0,0,1,5,1,0,4,2,0,0,1,3,2,0,3,0,1,0,3,2,0,2,3,0,4,5,1,2,0,5,5,1,2,2,4,5,5,5,3,0,2,1,4,1,2,1,2,3,5,4,5,5,2,5,4
T117,P2,5,3,4,5,5,4,1,3,1,0,1,5,3,0,4,3,2,5,2,3,3,3,3,4,2,0,4,0,3,1,4,3,0,2,5,5,5,0,0,4,4,0,0,3,3,4,1,5,3,4,2,5,1,2,5,0,5,5,2,4,5,3,0,5,5,2
T118,P4,8,2,2,4,5,0,5,3,5,2,4,2,1,2,2,1,3,3,5,1,4,3,1,2,3,5,3,2,4,2,2,3,5,2,0,3,2,4,2,5,1,0,4,3,4,4,5,2,1,0,1,1,1,5,1,5,5,4,2,4,3,0,5,5,1,4
T119,P3,3,0,3,5,4,5,4,0,4,5,0,4,2,2,1,0,2,5,1,2,5,3,1,5,2,1,0,4,3,5,2,1,5,1,5,1,1,1,2,1,1,0,2,2,3,5,2,3,4,4,4,1,3,1,1,4,0,1,2,0,1,1,4,4,4,1
T120,P3,5,5,3,3,4,3,5,5,4,4,0,3,4,5,1,2,0,4,3,5,1,0,4,0,4,0,2,4,2,0,3,0,2,0,1,4,2,0,2,3,0,2,0,0,1,2,4,2,5,2,5,4,0,0,2,5,5,2,3,4,4,2,4,1,3,5
T121,P1,3,3,2,4,5,4,3,1,1,5,1,1,0,4,0,3,5,4,3,4,3,0,0,0,3,3,0,0,0,2,3,4,3,3,2,0,5,1,5,2,2,4,2,0,3,3,3,4,1,1,1,0,0,0,4,1,5,5,4,0,4,4,3,0,1,1
T122,P1,2,2,4,1,4,0,2,2,0,0,4,0,0,3,2,4,3,5,2,4,1,5,3,4,3,0,4,2,4,4,1,0,0,1,4,1,5,4,1,3,2,5,0,2,5,5,1,3,5,1,0,2,3,3,4,0,2,5,4,0,4,1,1,1,5,3
T123,P4,1,4,0,0,2,0,1,2,3,4,1,5,1,3,4,3,4,4,4,1,0,0,1,4,3,4,1,5,5,1,1,5,2,5,0,5,4,3,1,3,0,3,3,0,1,4,0,1,3,3,2,2,0,2,3,3,5,0,1,2,3,1,1,4,5,3
T124,P4,1,0,3,0,1,3,3,4,1,4,1,5,4,5,1,0,5,4,2,1,0,4,0,1,2,3,3,5,3,3,3,3,2,5,4,1,3,5,0,0,3,1,3,1,2,5,5,4,5,5,2,0,3,1,2,3,4,0,4,4,5,0,0,2,0,1
T125,P2,3,2,5,2,2,3,4,0,4,4,3,0,3,5,1,4,3,0,4,2,2,0,1,2,2,3,0,3,0,5,5,5,0,4,2,0,5,4,0,4,5,3,3,0,4,3,3,1,2,3,0,4,3,0,5,5,3,2,5,1,5,5,1,0,3,2
T126,P3,8,0,3,3,2,3,4,2,1,3,2,4,0,1,0,5,1,3,4,2,2,3,5,2,0,5,3,5,4,5,0,2,0,5,0,1,5,2,0,1,0,0,2,3,2,2,2,3,4,4,2,5,3,0,4,1,1,3,3,0,3,0,0,1,5,1
T127,P2,8,5,0,4,1,3,4,1,0,2,3,3,0,4,0,3,2,2,5,4,0,4,2,4,5,3,5,4,1,2,3,4,1,2,5,0,1,0,2,3,3,2,5,0,1,3,2,4,3,0,2,3,2,0,0,4,5,5,0,5,3,3,1,4,4,4
T128,P1,3,0,5,4,3,5,0,4,1,5,3,1,3,1,3,2,4,5,3,3,3,3,1,4,3,3,5,4,2,4,2,4,0,3,0,4,3,5,2,2,2,0,5,2,1,4,0,0,4,4,2,4,1,1,1,3,0,1,5,3,0,0,1,2,0,1
T129,P1,2,3,4,5,2,3,4,1,4,2,4,5,4,5,2,5,4,1,2,3,5,1,0,5,1,2,5,5,2,5,2,2,1,3,4,3,0,4,2,4,1,0,3,1,2,5,1,0,5,1,0,1,0,3,5,5,1,3,4,1,5,4,4,3,0,1
T130,P5,1,5,0,2,1,5,2,1,3,4,2,3,5,0,0,3,4,0,2,2,3,5,3,5,1,2,4,0,4,4,2,0,4,4,4,2,3,3,1,4,0,1,1,3,0,0,5,2,1,1,5,5,4,5,2,2,1,1,1,5,3,4,5,5,2,1
T131,P2,5,1,3,2,2,5,4,0,0,5,0,4,1,4,4,0,1,1,3,5,4,0,0,3,0,4,1,3,0,3,0,4,2,2,1,5,3,2,1,3,4,1,1,4,1,0,4,5,4,2,3,3,4,3,1,3,3,1,5,3,4,3,0,5,5,3
T132,P5,3,5,1,0,1,4,3,1,1,0,2,3,2,4,1,3,1,0,0,3,1,0,4,3,2,3,2,1,5,3,1,4,1,2,0,0,0,5,2,0,5,1,5,5,3,3,1,0,1,0,4,4,2,0,5,5,5,3,3,1,2,0,4,5,0,0
T133,P5,5,2,4,4,3,0,4,3,0,4,2,4,5,0,3,2,1,1,1,5,2,1,1,2,4,3,4,1,3,1,0,1,1,4,3,0,0,0,4,4,2,3,3,2,0,1,1,3,5,3,5,3,3,1,2,0,2,5,3,3,2,4,1,5,4,5
T134,P2,8,3,4,0,0,3,3,0,0,2,0,5,0,5,2,2,0,1,4,0,3,1,2,3,3,2,3,4,5,1,2,2,1,1,5,5,0,1,2,4,1,2,4,4,2,3,4,2,0,3,5,5,0,1,5,0,1,0,3,5,4,3,2,3,1,3
T135,P2,5,0,1,3,1,5,2,2,2,0,1,2,4,5,0,4,2,5,1,3,4,5,5,5,0,2,3,0,5,5,0,5,4,0,3,4,4,1,2,4,5,2,5,3,5,2,2,4,1,0,1,3,2,4,5,2,3,2,4,2,1,4,3,4,1,5
T136,P4,2,1,0,1,0,4,1,0,2,1,3,1,1,3,3,2,4,0,0,5,1,3,0,2,2,3,0,1,0,1,3,2,5,4,4,0,0,1,1,1,3,5,5,5,0,5,3,1,4,4,3,4,5,2,2,3,2,3,5,5,3,0,2,4,3,4
T137,P3,2,2,5,0,3,1,4,2,1,4,3,4,0,3,3,0,3,5,3,3,3,3,5,4,1,3,0,3,0,5,1,0,2,5,1,1,0,0,3,3,3,1,1,3,0,3,4,3,4,3,1,4,5,5,1,5,1,5,0,0,3,3,4,5,4,2
T138,P1,3,3,5,0,2,2,3,3,0,0,3,4,2,1,4,2,1,1,3,0,2,1,0,4,2,1,5,2,3,3,1,5,5,0,5,0,4,0,0,0,4,4,1,5,2,1,1,0,2,3,0,0,4,2,0,3,4,1,4,5,4,3,3,3,3,2
T139,P5,2,5,0,0,4,3,1,5,5,0,2,0,3,5,4,0,4,3,3,3,3,2,0,5,1,4,0,2,3,3,5,3,5,0,4,0,2,2,0,4,4,5,4,3,4,2,4,2,3,3,5,2,5,0,3,1,1,1,3,2,2,1,1,5,5,4
T140,P2,5,1,3,3,4,5,2,5,1,0,0,1,4,1,0,5,5,1,2,1,0,0,4,4,5,2,1,2,0,1,3,4,0,3,1,3,2,2,0,3,5,0,5,0,1,2,0,3,5,5,1,0,1,1,1,2,1,2,1,4,5,0,5,2,2,1
T141,P5,2,1,5,4,4,2,3,3,5,0,4,5,3,5,5,5,3,3,4,0,0,4,1,3,1,4,5,1,5,2,2,3,0,1,1,5,5,5,5,3,2,2,5,5,0,2,5,4,1,5,0,5,5,2,4,4,5,0,4,5,3,2,1,3,4,3
T142,P5,5,5,5,1,4,4,4,5,0,3,1,2,0,3,0,2,1,3,5,3,1,5,5,3,5,5,0,3,0,4,1,4,3,0,5,3,1,3,3,0,1,2,0,3,4,0,0,1,2,2,5,3,1,0,5,5,2,5,1,5,4,2,2,2,4,5
T143,P5,1,1,1,2,5,3,2,1,3,4,4,5,4,4,2,0,0,2,2,0,2,5,0,0,5,4,4,0,4,5,2,2,1,1,5,2,2,2,5,3,4,5,1,1,4,1,0,3,0,2,1,4,2,0,5,5,3,5,5,2,5,0,2,0,3,1
T144,P5,3,5,5,1,3,1,5,4,3,1,0,1,4,1,5,2,4,3,2,1,1,5,1,0,0,3,1,0,4,0,4,1,5,1,4,1,2,0,0,5,4,1,3,2,3,3,1,2,0,1,2,2,5,5,5,5,5,4,4,0,2,2,4,0,2,3
T145,P2,8,5,2,2,3,3,4,5,2,4,1,0,3,0,1,5,5,4,5,1,5,5,1,2,1,5,1,2,0,1,2,5,0,3,2,5,0,3,3,4,3,2,2,5,1,1,5,5,5,5,1,5,1,0,2,1,1,2,4,4,0,5,2,2,3,0
T146,P4,8,2,0,0,0,4,3,4,4,2,1,4,2,2,4,0,1,1,5,4,5,1,3,3,2,0,2,4,3,0,5,4,1,0,0,2,3,1,1,3,5,1,1,3,5,3,2,4,2,4,2,3,4,4,3,3,3,5,0,4,0,2,0,0,1,3
T147,P5,3,1,2,5,4,3,5,1,0,5,1,3,1,1,4,4,2,0,4,2,2,2,1,5,0,5,0,0,0,1,1,1,5,2,4,5,2,3,2,5,0,0,5,1,3,3,3,0,5,4,4,2,5,5,1,2,3,1,2,1,3,5,2,4,2,5
T148,P1,5,5,0,0,4,2,1,2,4,2,1,5,2,5,1,0,0,0,0,5,2,0,4,4,1,3,2,1,2,1,1,0,3,5,0,1,2,0,2,5,0,5,4,2,3,3,4,3,1,2,3,5,5,0,0,1,2,4,1,2,2,4,5,3,2,0
T149,P1,3,3,5,5,1,5,1,5,0,3,4,4,4,4,1,1,0,5,5,4,3,0,2,2,1,1,5,0,2,1,0,5,4,2,2,5,3,1,0,0,3,3,5,2,4,3,5,2,0,0,5,1,4,0,0,2,1,3,4,5,5,1,3,5,1,1
T150,P2,5,4,2,2,5,2,3,1,2,5,2,1,0,2,4,5,5,1,0,0,4,1,1,2,4,0,1,1,2,1,1,0,5,0,0,0,4,2,1,1,4,2,4,2,0,3,3,3,0,5,5,1,3,4,0,1,2,3,5,3,3,3,3,1,4,5
T151,P4,2,5,2,4,3,1,5,0,0,5,1,1,0,3,1,1,3,5,4,1,5,0,0,3,5,3,5,4,2,1,0,1,2,2,3,5,1,4,1,1,4,5,0,4,1,1,3,5,1,5,2,0,4,5,4,1,0,2,0,0,5,0,3,2,3,1
T152,P2,1,0,3,2,5,3,0,3,4,1,5,0,5,2,4,2,0,5,4,2,4,3,1,4,4,5,4,0,3,4,1,2,2,0,1,2,5,0,0,3,4,5,5,1,4,2,5,1,2,3,1,3,0,0,0,0,3,0,1,0,3,3,1,1,5,0
T153,P5,5,3,1,3,2,5,2,5,0,5,2,2,5,1,4,2,5,3,4,5,4,3,5,4,1,2,3,2,3,5,1,0,4,3,2,4,0,0,1,1,1,5,4,5,1,5,5,0,1,3,2,4,4,4,2,5,0,0,2,0,5,1,5,3,5,3
T154,P3,8,3,0,0,4,2,2,0,1,4,2,3,0,5,5,3,3,5,3,5,1,3,4,1,4,2,3,2,1,0,5,5,3,2,5,3,1,3,4,5,1,1,4,4,1,3,2,0,1,5,2,0,5,0,5,0,2,1,4,0,0,2,0,5,2,3
T155,P2,1,1,5,4,2,5,0,4,1,2,2,4,0,0,4,4,0,1,2,2,5,0,1,3,1,4,2,2,5,2,3,2,3,1,4,1,3,4,1,1,1,5,4,4,0,3,0,3,3,3,5,2,1,4,2,3,1,2,0,2,3,5,1,3,2,0
T156,P4,2,0,4,5,1,3,2,5,1,3,4,1,5,2,1,3,0,2,5,0,4,3,1,0,2,5,1,0,3,4,0,5,4,5,1,0,3,0,5,0,3,3,2,4,3,1,4,5,3,3,2,4,2,1,2,2,5,1,5,0,2,3,2,2,0,3
T157,P2,5,5,2,2,4,5,5,4,3,2,4,2,4,5,2,5,0,0,2,4,4,4,1,4,1,3,2,4,5,0,3,0,3,2,0,4,4,2,1,3,1,2,3,3,5,5,1,3,5,0,3,3,0,5,0,0,4,5,3,1,2,2,0,5,2,5
T158,P3,2,0,4,0,1,4,5,0,0,4,4,3,5,1,1,0,1,4,0,3,0,0,0,1,3,5,2,2,4,0,3,3,1,2,3,3,5,4,2,3,3,1,0,2,2,0,3,1,1,1,2,0,3,2,2,2,2,0,1,2,4,4,4,0,4,1
T159,P1,2,1,0,5,5,3,5,0,3,3,4,2,4,4,3,2,1,4,5,1,4,5,5,0,2,5,4,0,0,0,3,0,0,2,0,3,5,1,5,4,0,5,4,0,2,1,4,3,1,4,4,4,3,0,4,3,1,1,0,2,2,3,0,4,0,2
T160,P4,8,0,0,3,5,3,1,2,0,5,5,2,3,4,1,1,3,0,1,1,1,3,4,4,3,2,5,3,4,5,4,3,4,1,2,2,4,4,2,5,2,5,0,5,1,2,4,5,5,0,0,3,0,1,4,0,4,3,4,2,2,1,5,0,3,2
T161,P2,8,2,3,2,1,5,5,5,1,5,0,4,3,0,5,4,1,4,0,4,4,2,4,2,3,0,5,3,4,3,0,1,2,1,5,1,2,1,1,5,3,0,0,3,5,5,2,0,1,3,4,5,0,5,0,5,3,3,1,2,1,3,2,0,5,0
T162,P2,5,1,5,2,4,4,5,1,1,0,0,2,1,3,4,1,1,2,4,1,1,1,4,2,4,2,0,2,2,4,0,3,5,5,0,1,1,1,4,1,3,4,5,1,1,5,4,4,3,3,5,2,5,5,2,4,5,5,1,2,4,2,1,1,5,1
T163,P3,3,0,2,5,2,1,3,0,4,1,4,1,5,4,1,5,4,4,4,5,3,5,4,2,3,5,3,1,1,3,4,3,1,4,1,4,0,2,1,0,0,5,3,0,3,2,1,1,4,4,3,5,5,0,1,0,0,1,2,3,3,2,2,4,1,5
T164,P2,5,3,1,4,5,5,1,4,1,1,0,2,2,4,2,2,5,5,0,2,0,3,1,5,3,4,3,3,4,5,4,4,0,4,1,3,5,5,3,5,5,5,2,2,5,4,0,5,3,5,5,1,4,1,1,4,1,0,4,5,5,5,4,0,3,4
T165,P2,5,1,0,5,4,1,5,1,5,0,2,4,2,5,2,0,5,0,4,2,4,4,1,0,3,4,4,3,5,0,5,5,4,5,4,2,3,4,1,5,3,0,3,1,4,1,5,4,3,2,0,4,0,3,4,1,2,5,4,4,0,1,5,0,2,0
T166,P3,3,5,5,4,5,5,5,2,5,1,2,0,5,1,0,0,0,1,0,5,0,4,1,3,5,1,1,3,4,0,2,3,1,0,1,1,2,4,5,0,0,3,5,2,3,4,3,2,2,0,1,5,2,4,2,4,5,5,1,2,5,1,1,5,2,0
T167,P2,5,4,0,1,0,5,5,1,3,4,2,0,2,1,5,2,4,0,2,1,1,0,5,5,1,4,1,1,2,3,3,0,3,5,1,1,4,1,4,1,5,2,4,3,1,2,5,3,5,0,1,1,3,3,5,5,1,5,1,2,0,4,3,4,4,5
T168,P5,2,0,5,4,4,0,4,5,4,1,0,0,3,2,2,2,4,2,3,3,0,1,1,2,5,1,0,5,2,2,4,3,3,1,5,4,0,1,2,2,0,4,5,2,0,0,0,0,3,4,0,3,3,4,2,2,1,1,0,0,5,0,3,2,0,4
T169,P5,1,0,5,3,4,0,2,0,3,5,4,3,5,5,1,1,2,3,1,3,2,2,3,2,2,5,4,0,0,2,2,1,3,0,0,1,4,1,1,1,2,2,0,4,3,2,1,1,1,2,5,3,0,1,4,4,4,1,2,1,4,5,3,5,2,0
T170,P2,8,5,1,5,0,5,5,4,1,5,3,4,1,5,2,4,3,0,5,1,5,0,0,5,3,3,1,4,5,5,3,0,1,3,4,0,2,3,3,3,2,1,1,5,1,5,2,4,5,5,2,1,2,0,2,5,4,0,2,4,0,4,1,5,4,0
T171,P1,5,0,3,3,2,3,0,2,3,5,2,4,3,2,4,2,5,0,3,0,3,2,5,0,2,0,3,4,1,0,2,4,0,1,1,0,2,4,1,0,2,3,4,5,2,5,3,4,1,1,0,5,2,3,0,4,2,0,5,1,1,1,5,3,3,3
T172,P5,1,1,0,0,0,0,0,4,3,1,2,2,4,2,4,0,2,3,4,5,4,1,3,2,1,4,5,0,3,1,2,0,2,2,5,2,2,3,2,5,5,0,2,1,4,5,4,5,2,0,1,3,1,0,4,4,4,5,0,0,5,2,4,1,5,4
T173,P3,3,1,0,0,2,1,1,4,1,3,2,3,3,1,1,1,4,2,0,4,4,5,2,0,3,3,5,1,0,0,5,0,2,4,0,2,0,5,4,1,1,5,2,1,5,4,3,4,5,5,4,4,4,0,5,5,1,0,0,2,4,5,4,0,1,5
T174,P1,2,0,1,2,4,0,3,5,5,2,2,5,5,5,4,4,1,0,0,4,1,5,3,5,0,3,0,3,3,2,1,4,0,2,1,0,4,0,5,5,3,3,5,2,3,3,0,2,0,4,1,5,1,4,4,1,0,3,5,3,2,4,5,4,0,0
T175,P5,2,5,3,2,3,4,2,4,1,2,1,3,1,0,4,4,5,0,3,3,1,5,1,0,1,4,4,1,0,1,4,3,5,0,4,5,1,1,3,3,1,2,0,0,1,5,3,3,1,1,2,2,5,0,3,5,2,2,0,1,5,4,4,4,2,4
T176,P3,1,0,4,5,5,2,0,4,4,4,0,3,1,4,3,5,2,3,5,1,2,3,3,0,0,4,5,2,2,0,0,0,5,2,5,0,3,5,3,0,1,0,5,5,3,4,0,2,3,3,2,4,1,4,2,2,3,5,2,4,3,0,0,5,2,1
T177,P2,3,1,3,0,4,4,2,5,5,4,4,4,2,2,0,1,0,0,5,1,1,0,2,4,1,5,5,1,5,0,1,0,0,4,1,2,0,5,3,3,1,3,4,2,1,3,1,1,4,4,0,2,5,2,5,5,1,3,5,0,2,4,0,5,2,5
T178,P5,5,3,2,5,4,1,2,3,2,0,0,5,1,4,3,0,0,5,0,5,1,2,4,1,0,0,1,4,3,4,5,3,1,5,3,3,5,0,0,2,1,1,1,1,4,2,3,0,2,4,4,2,0,0,5,0,2,0,4,4,0,3,2,3,4,5
T179,P1,8,1,5,0,4,3,1,3,5,3,2,1,5,2,0,3,2,2,0,5,1,2,3,1,4,2,1,5,1,4,3,1,2,4,3,5,0,3,3,5,1,2,0,5,5,0,5,5,2,5,2,0,1,2,2,4,3,2,0,3,1,5,4,0,3,5
T180,P3,3,0,2,2,3,3,1,3,0,4,3,3,2,0,4,4,3,0,3,2,2,0,3,2,4,1,3,4,1,3,5,1,3,5,3,2,4,1,5,2,3,1,1,3,3,1,3,5,2,1,5,5,3,0,4,4,3,5,0,1,2,1,5,1,4,3
T181,P5,3,5,5,5,5,2,4,1,0,3,4,2,2,0,2,1,3,4,2,0,5,2,4,3,2,3,4,4,4,5,2,5,4,1,1,3,5,4,1,2,3,4,2,1,5,1,5,0,2,4,4,5,5,2,5,4,0,4,0,0,3,2,4,5,2,1
T182,P3,2,0,0,5,3,3,5,4,2,0,3,5,1,4,4,3,3,2,5,1,3,4,1,4,4,4,3,5,1,0,1,3,3,0,2,0,5,2,0,1,2,4,4,4,1,0,3,4,0,4,3,1,1,0,1,5,2,2,0,4,2,4,0,0,5,0
T183,P5,8,3,1,4,1,3,4,4,3,5,3,2,5,3,4,1,2,0,3,3,5,4,1,3,4,1,1,5,1,4,0,5,0,3,2,0,4,4,4,3,4,0,4,2,3,1,5,5,5,2,4,4,3,0,5,2,2,2,2,2,2,5,0,0,0,5
T184,P4,5,0,0,5,3,5,0,2,0,0,1,3,5,3,4,1,2,4,4,2,0,0,5,1,4,2,4,1,1,4,5,1,4,2,0,2,4,0,1,0,4,3,3,2,1,5,2,1,2,3,2,1,1,5,2,1,0,3,2,3,3,0,5,1,5,2
T185,P4,1,3,4,1,0,4,1,5,0,2,4,4,3,4,3,5,5,3,1,2,3,1,5,2,4,3,1,5,3,3,4,2,5,3,1,4,3,4,0,1,2,0,4,0,5,4,3,0,2,5,3,2,4,2,5,1,4,5,5,2,1,1,2,2,4,1
T186,P4,5,0,1,3,4,2,0,4,2,5,4,4,3,3,4,4,3,5,3,3,1,1,2,0,2,3,4,5,5,3,5,1,5,0,2,0,1,5,4,0,3,2,0,2,5,1,4,2,3,5,4,0,5,0,1,4,0,1,1,0,2,2,0,4,4,1
T187,P5,1,3,5,0,0,3,5,5,4,4,2,4,4,5,0,2,1,2,5,2,2,4,3,0,1,4,1,5,1,2,1,2,2,3,4,2,1,5,2,3,4,2,5,1,0,1,0,3,1,1,3,0,4,0,1,5,3,0,3,0,5,5,5,2,1,0
T188,P3,2,1,4,5,3,2,1,2,1,4,2,3,2,3,0,2,5,0,0,0,3,1,5,1,1,4,0,4,0,3,2,2,0,3,4,2,5,3,4,4,1,4,3,0,3,5,3,3,5,4,0,1,3,3,0,2,1,1,0,5,5,0,4,4,4,1
T189,P1,3,2,5,5,1,1,3,5,0,0,0,0,3,4,4,3,1,5,5,5,0,3,5,3,4,4,2,1,4,5,2,4,0,0,5,5,1,2,0,1,5,3,0,3,1,1,3,2,5,2,4,3,4,3,2,5,2,4,5,2,0,0,4,3,1,1
T190,P4,1,0,0,3,4,4,0,2,3,4,0,4,2,5,0,0,3,0,1,5,2,0,1,4,3,0,3,5,5,0,5,5,4,1,2,2,4,5,0,4,5,4,2,5,2,3,4,1,5,3,0,3,4,4,3,3,3,0,1,5,4,5,5,5,1,0
T191,P3,3,1,0,3,5,4,5,4,1,3,3,1,0,0,5,4,1,3,1,5,2,5,3,2,3,1,0,4,0,0,4,2,3,4,4,2,3,5,5,4,2,5,5,0,3,5,0,0,1,1,3,2,2,1,4,4,3,3,0,3,4,0,4,3,5,5
T192,P3,5,4,4,5,5,4,5,0,4,1,1,5,2,0,5,3,5,1,2,0,3,5,0,3,0,5,2,1,5,2,0,1,0,3,3,0,0,5,4,1,4,2,2,1,1,2,4,5,0,0,1,5,3,4,2,0,1,2,3,1,5,3,2,1,3,5
T193,P5,3,5,0,1,4,1,5,0,3,3,0,4,3,2,0,5,0,5,0,2,1,5,3,1,5,4,0,4,3,4,4,3,3,1,2,3,3,1,0,2,0,3,0,4,1,3,5,3,0,2,0,3,5,2,0,2,5,5,4,5,2,3,3,0,3,5
T194,P5,3,2,4,1,4,2,1,3,1,0,1,3,3,4,3,3,2,5,5,5,1,3,2,1,5,1,2,5,0,1,1,2,4,3,0,1,2,2,0,5,3,4,2,3,4,4,4,4,1,1,1,4,2,0,4,0,5,5,1,3,5,3,4,3,0,5
T195,P1,1,2,1,1,4,3,1,0,2,5,0,0,3,5,2,3,5,2,1,1,1,5,4,3,2,3,0,4,4,0,5,5,2,2,3,2,2,4,1,2,0,4,0,1,2,5,5,5,0,1,1,3,1,4,3,4,4,4,2,4,2,4,5,4,4,1
T196,P4,2,4,2,4,1,4,5,5,2,4,4,4,4,2,2,1,1,0,2,4,1,1,5,2,4,5,2,4,2,5,2,0,3,4,5,0,4,0,2,2,5,4,1,1,4,2,2,1,2,3,1,0,4,5,1,3,3,2,1,0,0,1,0,0,4,5
T197,P3,3,0,5,5,1,0,4,1,2,3,4,0,5,5,3,5,0,1,4,0,5,0,2,0,2,2,1,4,4,1,3,2,4,3,0,1,4,1,3,5,4,4,1,0,0,2,0,3,4,3,0,4,1,3,5,5,4,1,1,3,5,1,0,0,4,4
T198,P5,5,0,1,3,1,5,3,0,0,2,2,2,0,0,1,3,1,2,0,5,2,0,4,4,1,0,3,2,5,5,2,3,2,5,5,1,0,4,3,2,5,0,1,5,5,5,5,5,3,3,4,4,5,2,2,0,2,4,1,4,0,0,0,1,2,5
T199,P4,3,0,3,1,4,5,2,1,5,3,3,1,1,0,2,2,3,3,2,5,5,5,1,5,0,4,4,5,5,3,2,3,1,3,5,5,2,1,1,3,2,4,0,3,1,2,1,5,3,3,2,1,5,5,3,0,1,3,0,5,2,1,5,5,1,3
T200,P2,1,5,2,2,1,1,2,3,0,3,0,5,5,3,0,0,1,0,4,5,5,5,5,3,1,0,4,4,1,3,1,1,4,5,2,3,1,1,4,5,0,0,2,1,4,2,5,5,0,1,2,0,3,2,3,1,1,0,5,2,5,0,2,2,4,2
T201,P2,3,3,3,3,4,1,2,4,2,4,5,4,3,5,5,0,5,4,4,0,1,3,5,1,5,3,1,0,5,3,2,3,3,2,5,1,5,3,4,4,4,2,0,4,3,2,1,3,4,0,0,2,4,2,2,5,0,3,5,2,2,4,2,4,3,0
T202,P3,5,2,4,1,5,1,4,0,5,3,4,3,3,5,1,1,4,1,1,2,1,5,0,0,5,5,2,4,5,3,3,1,2,0,3,1,4,1,3,5,2,0,5,2,1,3,0,2,1,1,5,5,4,0,3,1,3,5,4,0,2,3,0,3,1,0
T203,P3,2,1,3,2,2,1,2,0,3,4,2,5,0,5,5,1,3,0,0,4,5,1,2,5,4,2,3,4,0,5,1,1,4,5,3,0,0,5,3,4,4,1,0,0,0,0,0,5,5,0,3,3,0,0,5,3,0,0,3,3,4,5,2,1,0,5
T204,P1,5,0,4,1,2,1,2,2,0,2,3,2,2,0,3,0,2,1,0,5,5,5,2,2,2,0,1,0,2,0,1,0,2,4,5,0,4,0,3,5,5,4,4,3,1,4,1,4,3,4,4,2,0,5,2,2,0,2,0,0,3,4,3,4,2,5
T205,P2,1,2,5,2,3,0,2,3,1,2,2,3,1,3,2,2,0,5,0,5,3,2,3,2,1,4,3,0,3,3,3,1,3,2,4,3,1,0,5,5,1,0,2,4,2,5,3,2,5,4,5,0,3,4,5,4,5,1,2,2,1,2,3,1,2,4
T206,P1,3,2,1,5,5,4,1,3,0,4,3,1,0,2,4,0,0,0,0,4,5,5,1,4,1,0,2,4,4,3,2,0,4,1,2,1,2,0,2,2,2,1,2,5,3,1,3,4,3,0,1,5,0,2,1,3,2,1,0,4,1,4,5,5,5,4
T207,P5,2,4,4,0,0,1,0,2,5,1,4,3,0,4,1,4,5,1,3,4,0,5,5,5,5,0,1,4,3,2,4,1,4,5,3,0,4,0,2,2,4,0,0,4,1,4,5,3,4,5,5,2,2,1,0,1,1,0,3,0,2,3,5,0,2,5
T208,P3,1,5,4,3,2,3,2,2,3,1,2,3,3,3,4,5,5,4,2,2,2,5,5,3,0,1,4,2,4,1,4,4,2,1,2,3,5,4,1,0,0,0,5,2,1,5,2,4,0,5,1,5,1,4,4,2,5,3,2,5,2,2,4,3,1,4
T209,P5,8,1,4,1,3,4,4,1,3,4,1,5,5,2,5,0,3,1,1,5,5,1,1,1,5,2,1,4,1,1,4,1,3,4,5,1,5,4,0,2,5,5,1,1,3,1,3,2,1,2,5,0,3,2,0,2,1,5,2,4,4,3,5,5,5,1
T210,P1,5,3,3,2,1,5,2,0,0,2,4,5,5,4,0,0,2,5,5,4,0,5,3,0,0,3,4,4,3,5,4,3,1,2,2,5,1,1,2,4,2,3,4,1,2,2,5,0,5,5,4,4,5,0,3,0,0,4,3,3,4,4,5,3,2,0
T211,P5,1,2,0,0,4,2,5,1,1,5,1,1,4,0,4,3,2,2,5,5,4,3,0,1,3,3,2,3,2,5,4,2,4,3,4,1,2,2,4,5,3,4,5,2,4,2,5,5,0,0,2,3,2,1,1,1,0,0,1,0,3,0,4,5,5,3
T212,P4,5,5,2,4,3,2,3,4,3,3,4,2,2,5,0,2,3,0,3,1,5,3,4,3,5,5,4,1,3,2,4,0,2,2,4,0,0,5,2,1,1,0,4,0,0,2,1,1,3,4,1,5,2,4,5,1,5,3,5,2,4,3,2,5,0,1
T213,P2,1,3,5,3,1,2,5,1,1,4,2,1,3,1,3,2,4,2,1,1,5,0,4,2,2,0,5,2,1,4,5,1,2,5,0,5,0,2,2,5,1,4,4,4,0,4,5,4,2,2,2,0,2,3,5,0,3,3,0,3,2,1,1,0,5,4
T214,P3,2,3,3,2,1,5,4,0,1,2,2,3,3,1,2,0,2,2,1,2,5,3,4,1,0,5,0,2,5,4,1,2,5,0,0,3,2,5,4,2,0,1,4,2,0,0,2,3,1,4,1,1,0,2,0,5,3,4,3,5,3,2,0,1,0,2
T215,P4,5,3,2,5,2,5,4,4,5,1,2,0,3,4,5,3,1,4,5,4,5,2,0,2,5,3,4,1,0,4,3,4,1,1,1,4,5,3,4,3,5,0,1,2,0,5,3,0,4,3,2,3,0,4,3,0,2,1,3,1,3,1,2,2,2,0
T216,P2,5,2,5,3,2,0,4,0,5,3,3,0,3,2,2,0,3,1,0,1,4,5,4,1,2,3,5,3,4,3,5,4,1,4,3,1,1,2,2,1,5,1,4,2,1,4,1,4,5,0,4,1,2,5,5,1,2,4,3,0,5,5,4,1,0,5
T217,P4,2,4,3,5,0,0,2,0,2,2,0,5,5,4,3,4,5,2,0,3,4,1,1,4,1,4,3,0,1,0,3,3,5,1,1,4,2,2,1,3,2,4,2,2,4,0,5,2,3,2,0,3,0,1,3,3,2,2,4,3,5,2,0,0,0,2
T218,P5,2,5,4,2,2,4,1,2,3,4,0,1,5,0,2,0,5,1,4,5,5,2,3,4,5,2,1,4,3,3,1,0,0,1,4,1,4,4,5,4,4,3,0,1,4,3,5,4,0,2,0,4,0,1,2,1,1,1,5,1,2,0,1,0,0,4
T219,P3,2,3,5,4,4,1,1,5,5,3,2,2,3,3,2,3,0,0,0,5,4,5,1,0,2,4,3,0,1,0,4,0,5,2,1,5,4,4,3,5,1,4,3,4,3,5,3,1,3,5,4,4,3,1,2,4,0,0,0,3,4,1,2,4,0,0
T220,P2,3,3,2,1,3,3,4,3,4,4,2,5,0,0,0,0,1,0,4,4,4,4,3,3,4,1,3,0,3,1,3,5,5,0,0,2,1,1,4,5,2,2,4,5,3,4,4,0,2,0,1,0,3,3,2,0,2,0,3,5,4,2,2,3,2,2
T221,P5,5,3,0,3,3,5,3,5,5,0,0,5,1,2,2,1,3,4,0,0,5,1,1,2,3,0,3,1,2,2,2,2,2,3,5,3,4,1,4,2,4,5,1,4,1,2,2,4,0,3,0,5,5,2,5,5,1,2,5,5,0,2,4,0,4,0
T222,P1,2,5,5,5,4,0,2,1,2,5,2,3,2,5,5,4,1,5,1,2,5,1,4,4,1,0,4,4,0,4,4,2,0,5,4,3,0,3,5,1,2,3,0,5,2,4,2,4,1,5,0,1,2,3,0,2,1,2,3,5,0,0,4,2,1,4
T223,P2,5,0,4,1,4,2,1,1,3,0,1,0,1,4,1,0,0,4,2,0,4,5,4,2,0,0,0,3,2,4,2,2,1,0,4,1,4,5,5,2,2,3,1,3,5,5,0,0,2,5,1,1,2,4,3,2,0,2,5,1,5,1,0,4,5,2
T224,P2,8,3,1,3,2,5,4,2,2,3,0,2,0,4,0,3,1,3,4,0,1,5,0,1,3,5,0,3,3,0,5,4,2,1,4,2,0,3,5,0,5,5,0,1,5,5,4,5,3,3,2,1,2,3,1,1,4,2,5,0,3,1,1,2,0,5
T225,P4,2,5,2,1,2,1,4,1,1,0,0,1,2,2,4,3,2,2,5,3,1,3,3,3,4,4,5,4,0,1,1,0,1,2,3,5,3,5,4,2,1,4,3,2,2,2,0,1,0,2,2,3,0,3,2,5,0,3,5,5,5,5,0,2,1,1
T226,P1,8,2,2,3,1,5,3,3,0,3,4,0,0,5,1,3,4,1,3,2,5,1,5,5,4,5,3,0,5,0,1,0,4,5,2,4,5,3,4,4,0,3,5,3,0,3,4,0,5,1,1,1,2,5,5,2,3,4,4,0,3,1,4,4,1,0
T227,P3,3,5,4,5,1,5,1,5,3,1,2,5,2,3,4,1,2,3,0,2,2,3,2,0,1,2,2,1,4,3,2,5,4,0,3,3,4,0,5,1,5,2,0,5,5,1,1,5,4,1,4,3,5,5,2,2,5,1,5,2,3,4,0,0,3,3
T228,P3,1,2,4,1,1,5,4,4,4,5,0,0,1,4,0,5,0,5,4,4,3,4,4,5,3,4,1,3,0,1,1,1,1,4,0,1,3,5,4,0,5,3,3,3,5,3,1,3,2,0,0,5,4,2,1,2,4,2,0,5,1,5,1,4,1,4
T229,P2,2,1,0,2,5,2,5,5,0,5,5,2,0,4,0,0,0,1,5,5,0,5,4,5,0,2,0,5,0,3,3,3,2,4,5,2,4,0,2,0,3,0,4,1,0,5,1,5,0,2,2,2,0,5,1,3,3,5,0,4,5,3,1,0,4,4
T230,P1,5,0,4,3,1,5,2,5,1,1,3,4,4,3,4,5,4,4,5,4,0,3,5,3,5,4,1,1,4,4,1,1,1,5,1,5,1,2,5,1,2,5,2,5,3,2,2,0,5,1,5,2,3,5,5,5,5,1,2,3,1,5,3,4,3,3
T231,P4,8,0,4,2,2,1,1,1,3,5,2,3,4,2,3,1,1,4,1,2,2,0,1,3,2,3,2,3,3,0,1,5,0,0,5,1,4,3,1,4,2,5,1,1,4,1,0,1,2,3,4,2,0,0,0,5,1,5,1,5,5,2,2,5,5,5
T232,P3,2,0,2,4,0,5,2,3,1,3,2,3,2,2,1,4,2,4,4,3,3,2,1,3,4,3,2,4,2,4,5,5,4,5,2,3,5,4,5,2,1,1,1,2,5,0,1,1,0,5,1,3,4,5,3,3,4,5,2,1,3,3,1,4,0,2
T233,P1,5,2,4,1,4,5,4,3,4,2,0,2,3,4,1,2,1,3,0,1,5,1,4,0,0,3,0,2,5,1,5,4,2,3,2,2,2,2,3,0,4,3,2,5,0,1,4,4,4,2,5,4,0,2,3,4,3,1,5,2,2,5,5,3,3,5
T234,P5,1,0,3,1,4,0,0,4,2,2,0,2,5,4,0,1,5,2,4,5,3,1,0,2,0,3,1,2,5,4,5,1,4,5,5,2,2,1,0,2,0,2,4,3,3,2,4,4,4,4,1,2,4,4,3,3,0,4,4,1,0,4,2,0,2,4
T235,P2,5,2,3,0,0,3,1,5,5,1,4,0,1,0,5,2,4,0,4,0,1,0,1,3,0,0,5,4,2,1,3,1,1,1,5,5,2,4,0,1,1,4,4,1,1,5,4,2,3,0,2,0,3,2,2,5,1,3,0,3,0,0,4,0,4,3
T236,P5,3,1,5,2,3,3,3,5,3,1,5,0,4,4,3,2,2,3,5,1,1,5,5,4,5,5,2,2,0,4,0,5,2,3,1,1,5,3,3,3,0,0,0,5,2,1,5,5,0,1,4,0,0,0,2,5,0,4,3,0,1,0,3,0,2,2
T237,P3,5,3,2,1,4,1,0,0,4,0,4,0,0,5,4,3,5,1,2,2,4,4,0,1,3,1,2,1,2,5,3,0,2,2,3,3,5,5,0,0,5,3,4,0,4,3,3,2,3,0,2,2,4,2,0,1,0,3,5,1,0,2,1,3,4,3
T238,P1,8,4,1,2,5,3,5,1,1,0,2,0,0,2,4,2,5,1,4,5,3,1,3,3,3,3,2,2,1,5,2,4,3,3,3,4,3,2,4,0,3,1,3,1,0,0,1,0,0,5,4,0,0,0,0,0,3,4,0,3,2,0,1,1,0,3
T239,P1,3,5,5,5,1,1,3,2,5,0,1,4,3,3,0,5,2,1,4,1,4,3,1,3,4,5,5,3,5,3,0,2,1,4,4,5,2,5,4,5,4,2,4,2,0,1,4,4,4,0,0,3,3,3,2,3,0,3,4,4,5,4,0,5,0,5
T240,P4,2,4,5,5,1,5,4,5,3,0,2,4,0,0,5,4,0,3,0,5,3,2,2,0,2,4,5,1,4,0,3,0,2,1,0,4,5,4,2,4,5,3,3,2,1,3,3,3,3,3,5,3,4,2,3,5,0,0,0,3,5,2,0,2,4,0
T241,P5,8,0,0,1,3,1,1,0,5,5,5,4,1,5,2,0,5,0,5,1,0,3,0,5,1,0,3,5,3,3,3,5,5,3,2,2,4,0,5,0,3,2,3,1,3,2,0,5,3,4,1,4,5,3,0,5,4,1,2,5,2,3,2,3,5,2
T242,P5,3,4,4,2,3,2,2,1,3,0,3,3,2,1,2,4,3,0,5,1,1,0,5,3,1,3,3,5,3,5,2,0,0,0,1,2,0,4,0,4,3,4,4,3,1,0,2,3,5,0,1,0,1,5,4,0,3,2,1,5,1,1,5,0,1,1
T243,P5,5,3,4,3,3,3,1,0,3,5,2,3,5,1,4,0,2,4,3,1,0,1,0,1,3,0,1,3,5,0,3,2,5,5,0,1,0,4,2,4,5,0,2,0,3,1,3,5,5,3,0,5,5,1,5,5,1,4,3,3,4,5,0,0,1,3
T244,P1,1,5,5,0,3,3,1,3,2,2,2,0,1,0,5,4,1,3,4,5,5,1,5,3,2,2,1,1,0,0,1,0,2,0,1,1,5,1,0,4,0,1,2,4,3,2,4,4,0,2,4,1,0,5,3,2,1,4,2,4,5,4,3,1,2,1
T245,P3,8,0,0,3,1,2,3,3,0,3,1,2,5,3,4,0,1,1,5,2,5,2,5,3,1,2,4,2,5,1,3,4,4,5,4,0,0,1,5,5,4,0,1,4,2,4,1,2,1,0,1,2,5,5,1,3,3,2,5,4,4,5,3,4,4,3
T246,P3,3,4,1,4,3,3,1,3,3,1,3,2,5,1,3,1,1,2,3,2,0,0,0,2,1,1,2,0,2,3,3,2,0,0,4,3,5,2,0,5,5,2,0,0,2,4,1,0,3,2,0,4,4,2,5,0,1,1,0,5,3,3,0,0,4,0
T247,P4,1,2,4,1,2,2,2,2,4,2,2,3,1,5,2,1,1,4,3,1,1,3,0,2,4,3,3,3,0,5,4,0,4,0,5,2,5,2,1,5,2,4,3,0,4,2,4,1,2,1,5,2,5,3,5,5,0,4,3,2,0,1,4,1,1,1
T248,P1,3,5,4,3,0,3,0,4,2,5,4,1,1,4,2,4,4,3,4,1,2,1,3,4,5,5,3,3,4,5,2,1,4,0,2,0,4,5,3,1,3,1,3,1,3,3,0,0,1,3,0,4,5,5,0,1,5,5,4,2,1,0,0,2,0,1
T249,P2,5,5,3,2,0,3,4,5,1,4,2,1,3,2,3,3,2,2,1,2,3,0,2,1,1,4,4,3,5,5,2,2,4,2,5,1,5,2,4,4,0,2,0,4,3,2,1,1,0,1,3,4,1,2,0,2,4,5,0,3,5,0,1,4,5,4
T250,P1,8,3,3,0,5,1,3,0,2,3,3,3,3,0,4,2,4,2,4,0,2,3,3,4,5,0,2,1,4,3,3,5,1,5,3,3,1,5,0,1,4,5,0,0,4,4,0,3,1,5,0,4,2,2,1,2,3,3,1,2,4,0,4,4,5,3
T251,P1,8,3,3,3,2,3,0,5,5,5,4,4,5,5,5,5,0,2,5,2,0,0,2,1,3,4,0,1,5,2,1,3,5,3,0,4,1,0,0,0,2,0,5,5,4,1,5,1,2,5,0,1,3,3,4,3,4,4,1,3,3,0,4,0,3,5
T252,P1,2,4,3,0,2,5,5,4,2,4,3,3,4,4,2,1,4,5,0,5,4,1,2,2,4,4,2,5,4,4,3,5,4,2,4,1,5,5,3,2,1,3,3,2,5,1,1,4,4,4,3,0,3,0,3,5,2,2,4,5,3,3,2,4,0,4
T253,P4,3,3,3,5,1,0,4,4,0,0,2,3,3,1,1,0,1,5,4,3,4,1,1,0,0,1,1,3,0,1,4,1,4,0,2,2,0,5,1,2,4,3,2,1,4,4,5,3,3,1,4,1,0,3,1,4,1,3,3,2,1,5,2,3,3,4
T254,P4,8,3,2,1,2,2,2,5,2,1,1,3,2,5,1,0,1,3,2,1,2,2,3,1,1,3,2,0,4,5,3,2,5,4,0,3,2,5,1,0,4,2,3,1,1,3,1,3,1,3,2,4,0,3,1,5,0,4,5,3,4,4,0,1,2,2
T255,P3,5,0,1,2,1,5,0,4,5,0,5,1,5,1,5,5,1,1,0,0,2,2,3,2,4,4,5,4,2,2,0,5,0,3,1,1,1,1,1,5,4,0,1,1,0,0,2,3,3,5,4,4,3,2,3,0,0,5,0,1,2,2,4,1,0,0
T256,P2,5,4,2,1,3,4,2,2,3,5,0,3,5,0,5,3,0,3,0,1,1,3,5,3,4,3,5,5,1,5,0,0,4,3,0,1,1,3,0,2,2,2,0,1,0,2,0,0,5,0,3,0,3,0,0,3,3,4,5,3,5,0,0,1,4,0
T257,P1,5,5,4,1,3,5,0,0,1,4,0,2,3,3,0,5,0,5,3,1,4,5,3,4,0,4,4,4,4,5,5,5,1,4,5,4,0,3,3,0,4,0,1,5,3,0,5,1,5,3,5,3,2,3,1,2,2,1,3,2,3,0,5,2,0,2
T258,P1,1,4,0,4,0,4,1,0,2,2,1,3,0,0,0,1,2,3,2,5,5,3,3,5,1,1,4,0,3,3,1,1,3,3,2,2,2,2,5,0,2,0,0,0,2,5,3,5,1,0,0,5,3,0,1,0,4,2,2,2,3,0,5,1,5,2
T259,P2,1,4,3,0,1,5,2,2,0,5,4,3,3,0,5,4,0,5,5,0,3,3,2,0,0,1,4,3,0,4,3,0,4,3,2,4,3,2,4,0,4,4,0,4,0,4,4,4,2,4,0,2,0,3,0,1,5,0,1,1,1,4,1,2,1,1
T260,P2,2,1,3,3,0,0,5,4,0,5,1,5,3,4,1,4,0,5,4,3,2,4,0,1,3,3,4,2,5,2,1,1,2,3,4,4,3,4,2,5,5,2,5,1,3,0,0,4,3,0,3,3,4,5,4,5,3,0,1,4,0,3,5,4,1,0
T261,P4,5,5,0,3,5,5,5,4,1,5,5,3,2,1,5,2,5,3,1,2,0,2,0,4,0,3,4,5,4,5,0,3,3,0,2,5,0,1,3,0,2,5,4,1,1,0,1,4,0,3,3,5,0,5,2,5,1,1,3,2,4,3,2,0,1,2
T262,P4,8,5,3,5,4,4,0,5,3,2,4,5,3,0,3,0,2,5,3,4,4,0,5,4,0,0,4,0,1,1,4,3,3,1,2,0,4,4,5,4,4,4,3,3,5,5,3,2,3,2,4,2,5,3,4,0,0,0,5,2,1,3,3,4,0,1
T263,P3,2,3,5,1,4,1,4,1,5,1,2,2,2,0,4,0,1,0,2,4,0,4,3,3,5,3,0,3,0,0,2,0,4,0,4,1,1,5,2,5,5,5,0,3,2,1,4,1,2,3,2,5,1,1,1,1,5,1,2,4,0,1,3,4,0,3
T264,P3,5,1,2,4,0,3,2,5,5,0,2,5,1,0,1,5,2,4,1,5,5,2,4,5,0,5,0,2,2,3,0,0,4,5,2,5,5,3,3,0,1,0,5,4,3,1,1,5,5,2,3,1,2,3,3,0,0,4,5,4,2,4,0,1,2,5
T265,P2,8,0,2,5,3,2,3,4,0,3,4,4,4,4,1,4,5,4,0,2,3,1,5,5,3,4,4,5,2,2,1,4,3,1,0,5,5,2,0,2,5,0,0,5,4,5,5,5,1,4,2,2,5,5,0,0,4,2,5,5,0,3,0,4,3,4
T266,P1,3,2,5,3,3,0,2,5,4,1,1,1,3,1,3,4,1,0,4,5,1,0,2,0,5,2,4,0,0,3,4,3,2,4,3,5,2,0,3,4,5,3,3,1,4,2,2,3,5,5,2,5,4,1,3,5,2,3,4,1,2,4,5,5,0,3
T267,P4,5,3,1,0,1,5,0,1,0,4,5,5,4,3,1,2,2,1,2,4,0,4,3,1,0,1,2,2,4,2,5,4,3,5,4,3,1,3,5,5,5,4,0,1,5,1,2,3,2,5,4,5,5,3,4,1,0,1,0,0,0,3,0,4,2,3
T268,P5,3,3,4,1,4,3,1,0,4,4,4,2,0,0,5,5,4,1,4,0,5,4,2,5,3,1,5,1,3,2,4,0,5,1,4,1,4,3,2,5,0,2,2,3,2,5,2,4,1,5,4,0,1,4,0,2,0,2,5,0,3,3,3,2,3,5
T269,P1,2,4,5,3,3,5,1,3,0,0,2,4,3,3,2,1,2,1,0,5,3,2,3,3,3,4,0,2,2,1,4,2,5,2,4,2,2,3,5,3,5,4,2,1,0,5,2,0,1,5,4,5,5,5,0,3,0,1,2,0,3,1,4,1,2,3
T270,P3,8,0,3,4,5,1,2,2,4,5,4,4,4,4,1,0,0,0,2,1,5,3,4,3,0,1,5,1,3,1,2,0,2,1,5,3,1,4,0,5,0,2,3,0,3,1,1,3,4,1,4,3,2,3,0,2,2,4,5,5,2,3,4,1,1,4
T271,P3,2,5,1,5,5,3,5,2,5,1,4,5,3,1,3,4,4,2,5,5,0,2,0,5,1,5,4,4,4,1,1,3,1,0,4,5,1,3,4,3,3,2,5,2,5,4,0,0,2,1,0,2,3,4,1,0,0,2,3,0,4,2,3,3,0,3
T272,P4,2,1,5,5,2,4,0,0,1,0,4,1,0,3,3,0,0,5,5,3,4,0,5,0,1,0,1,4,3,4,3,5,0,5,2,2,4,1,1,0,5,3,1,3,0,0,3,5,3,1,3,1,5,0,2,2,2,0,1,4,2,2,1,0,2,1
T273,P1,2,4,0,1,2,0,3,3,4,0,1,3,3,0,1,0,1,5,5,4,3,0,5,5,3,3,1,3,1,5,5,5,3,4,5,3,1,0,0,2,1,1,2,2,2,3,1,4,0,1,3,3,3,2,1,2,3,2,0,1,1,5,2,5,2,2
T274,P2,8,1,1,0,5,3,5,1,4,2,0,1,5,2,3,0,4,4,3,5,2,1,3,1,0,2,4,1,4,2,3,4,5,2,3,0,2,2,0,2,3,1,0,1,2,4,5,4,1,2,5,0,5,3,3,5,5,2,5,2,2,0,3,2,5,4
T275,P1,3,5,4,0,4,0,0,4,3,2,3,2,2,3,1,1,4,4,2,3,2,0,1,3,3,4,0,4,3,5,2,2,1,2,1,2,3,4,4,4,0,4,5,0,5,3,5,0,3,5,4,2,0,2,3,0,3,2,4,1,5,0,3,5,1,5
T276,P5,3,2,0,0,3,0,2,0,5,3,5,5,0,3,1,5,4,3,1,5,1,3,4,2,1,4,4,4,5,3,1,1,1,5,3,4,5,5,2,0,3,1,1,5,5,1,5,1,0,3,3,2,2,5,3,2,1,2,1,5,4,1,0,4,4,5
T277,P3,2,5,2,3,4,4,2,2,2,1,0,5,0,3,3,3,3,5,4,5,1,0,2,0,4,0,2,1,3,2,4,5,0,1,0,2,4,5,2,3,5,3,4,2,2,4,5,1,2,3,2,0,1,1,1,4,0,0,0,2,4,4,1,4,4,3
T278,P3,5,3,1,2,0,4,1,3,0,4,1,0,5,3,2,5,2,1,3,1,1,5,3,4,4,3,2,0,0,5,1,5,0,0,0,2,0,3,0,3,4,1,1,5,2,5,0,0,4,5,1,0,4,5,3,1,5,0,4,2,2,5,0,1,0,3
T279,P2,2,3,2,5,2,5,3,0,3,3,3,3,0,4,2,4,3,5,4,5,4,1,1,2,0,3,2,0,0,4,3,1,3,2,0,3,3,2,2,2,3,0,3,4,0,5,1,5,2,2,5,0,2,0,1,5,5,0,0,2,4,1,1,3,3,5
T280,P5,3,4,1,2,1,1,3,5,4,4,0,2,5,2,4,5,1,0,3,5,4,3,1,1,2,1,1,3,3,1,5,5,1,3,5,3,0,2,0,2,3,3,0,1,3,0,1,4,2,2,0,4,2,1,5,0,3,0,5,3,2,5,4,3,0,3
T281,P4,3,5,2,4,3,4,4,3,0,3,3,5,1,2,5,4,0,5,3,4,4,5,3,3,5,5,5,0,1,1,3,4,4,5,0,3,2,2,1,0,1,4,0,2,5,0,1,3,4,1,2,3,3,5,4,1,5,0,1,0,4,2,2,5,5,4
T282,P5,1,2,2,1,3,4,0,4,2,4,2,5,1,4,1,0,4,4,1,3,1,2,1,4,0,4,2,5,0,4,5,5,3,1,4,1,4,0,2,1,5,1,5,2,0,5,1,4,4,3,3,5,4,5,3,3,3,5,3,4,5,3,5,3,1,1
T283,P2,2,1,4,0,5,5,0,2,2,2,2,4,3,4,4,1,5,4,2,2,5,1,0,0,3,4,5,5,1,2,2,2,4,1,2,5,2,2,3,0,0,0,5,4,1,2,4,3,0,0,0,5,1,4,5,4,3,2,3,2,2,3,1,5,3,4
T284,P3,1,5,5,3,3,0,2,0,1,1,2,2,4,2,4,2,0,0,3,4,3,4,0,1,2,3,5,0,1,1,4,4,2,4,0,2,0,3,4,4,1,2,3,5,4,5,2,5,5,1,5,3,5,1,0,5,3,5,0,0,1,1,3,0,3,2
T285,P3,8,1,4,0,5,3,0,2,5,2,2,3,3,0,3,5,3,5,2,5,0,1,0,1,3,5,2,3,5,3,0,5,5,2,2,1,4,2,0,1,0,1,4,2,1,5,0,5,2,5,4,1,1,2,0,1,4,3,0,4,2,4,3,0,1,3
T286,P3,3,0,0,0,2,0,4,5,5,4,0,5,2,5,1,1,0,4,1,4,1,4,5,2,0,5,1,3,1,1,4,0,3,2,4,2,4,2,1,0,2,5,0,5,2,5,4,5,5,2,3,4,3,0,2,0,4,3,0,5,3,1,4,1,4,0
T287,P3,1,5,3,0,2,2,4,0,0,0,0,4,2,3,0,3,5,3,3,3,4,2,1,1,2,0,4,0,1,1,5,3,4,0,2,1,1,1,2,5,5,1,0,3,4,0,0,2,1,4,2,2,2,2,2,1,0,3,1,0,0,3,5,3,3,2
T288,P5,8,0,1,2,2,1,2,1,3,4,4,0,0,0,1,3,0,3,0,1,3,4,1,4,4,0,3,3,5,0,2,2,5,4,4,4,0,3,4,1,5,2,3,1,0,4,5,5,4,5,0,3,4,0,2,5,1,2,3,0,0,4,1,3,3,2
T289,P3,5,2,0,1,1,3,4,2,3,2,0,2,5,2,2,5,2,5,0,4,0,5,2,1,0,2,5,1,3,5,2,4,5,1,0,2,3,2,0,0,0,3,0,5,0,2,5,1,5,0,2,4,4,1,5,5,4,4,3,5,4,4,1,5,1,1
T290,P1,8,3,2,1,2,5,1,2,0,2,1,5,3,0,3,4,2,1,1,0,3,0,4,2,2,5,3,2,0,3,2,0,1,5,3,2,1,5,2,1,1,0,0,2,2,4,5,0,0,1,4,1,4,3,4,0,0,4,1,5,0,3,2,5,1,3
T291,P2,1,5,2,3,1,1,3,1,5,4,5,2,3,5,1,2,0,3,2,5,2,3,5,4,0,4,5,4,1,4,2,1,1,3,0,5,1,4,0,3,2,5,1,0,2,5,4,5,5,4,0,2,1,2,5,0,4,5,3,2,2,2,0,1,5,1
T292,P1,2,4,2,5,1,4,1,0,2,1,4,0,1,5,1,3,4,0,5,5,1,5,2,4,2,3,3,1,3,3,2,3,4,3,1,2,3,2,0,1,5,5,1,4,5,0,0,1,4,4,5,4,3,2,1,0,4,1,1,3,0,2,1,0,3,2
T293,P2,2,0,0,5,3,5,5,3,0,3,1,2,5,3,3,3,1,2,2,0,5,5,1,4,5,2,3,0,0,3,4,0,0,1,2,1,2,4,5,1,4,1,0,5,1,0,4,5,2,1,0,1,0,1,0,5,4,4,3,1,5,2,5,5,4,0
T294,P1,8,1,0,5,5,4,1,2,0,2,3,0,2,3,3,3,4,4,4,3,4,4,5,5,2,1,4,5,1,3,4,2,2,2,1,5,2,4,3,1,3,0,1,3,2,2,3,5,3,4,0,1,5,5,0,2,2,2,0,4,4,1,5,0,5,2
T295,P4,3,1,1,3,0,4,3,2,5,2,1,3,4,3,2,4,4,5,0,4,2,4,1,4,4,3,3,4,1,5,1,1,4,4,2,3,4,4,4,1,3,1,0,0,1,4,5,0,0,3,3,0,3,0,4,1,4,2,0,3,0,3,2,5,4,2
T296,P5,5,0,3,3,3,0,1,3,1,4,0,4,1,0,5,3,0,3,3,0,4,3,1,0,5,3,4,5,1,4,2,0,2,4,3,4,0,0,3,2,2,5,0,4,0,4,3,3,2,0,2,0,0,3,2,4,5,3,0,1,4,3,1,1,5,1
T297,P2,8,1,0,1,3,0,5,3,1,3,3,1,2,2,1,2,2,5,0,2,1,3,2,4,4,2,1,1,1,0,0,0,4,2,5,0,2,1,4,0,0,2,0,1,4,4,3,1,0,0,4,4,4,5,5,3,4,3,1,2,5,4,1,5,0,1
T298,P2,2,5,0,4,5,1,5,1,1,4,3,1,2,1,1,5,5,1,1,4,3,1,2,0,4,2,2,4,0,3,5,5,1,4,2,5,4,5,2,1,5,0,0,3,4,2,0,5,5,2,0,0,4,1,4,1,3,1,2,0,2,1,0,5,0,5
T299,P2,1,3,1,3,5,3,1,1,0,3,4,0,0,2,1,1,0,4,2,5,3,5,1,2,2,1,3,3,3,0,1,2,2,3,5,5,2,5,3,1,4,4,0,0,4,3,3,1,5,3,1,0,3,4,5,3,1,0,0,1,2,3,2,5,2,3
T300,P3,2,4,4,3,3,2,1,0,4,1,1,2,1,4,3,0,2,3,2,1,0,2,4,2,5,1,2,1,4,5,3,5,1,4,4,0,5,5,2,1,2,3,3,3,0,0,5,5,3,2,5,1,5,5,0,4,4,4,3,3,4,4,3,5,1,0